dataname,method,t,tol,knn,size_neighbor,min_neighbor,s_p,s_r,s_f1,o_p,o_r,o_f1,c_p,c_r,c_f1,overall_runtime,structured_runtime,combined_runtime,param
yeast,isf,0,1e-06,False,300,10,0.0000,0.0000,0.0000,0.3008,0.4556,0.3624,0.3008,0.4556,0.3624,4.24582052230835,6.341726303100586,10.587546825408936,nu_0.1,
yeast,isf,0.01,1e-06,False,300,10,0.0000,0.0000,0.0000,0.3008,0.4556,0.3624,0.3008,0.4556,0.3624,4.24582052230835,6.341726303100586,10.587546825408936,nu_0.1,
yeast,isf,0.05,1e-06,False,300,10,0.0000,0.0000,0.0000,0.3008,0.4556,0.3624,0.3008,0.4556,0.3624,4.24582052230835,6.341726303100586,10.587546825408936,nu_0.1,
yeast,isf,0.1,1e-06,False,300,10,0.0000,0.0000,0.0000,0.3008,0.4556,0.3624,0.3008,0.4556,0.3624,4.24582052230835,6.341726303100586,10.587546825408936,nu_0.1,
yeast,isf,0,1e-06,False,300,50,0.0000,0.0000,0.0000,0.3008,0.4556,0.3624,0.3008,0.4556,0.3624,4.24582052230835,5.9689929485321045,10.214813470840454,nu_0.1,
yeast,isf,0.01,1e-06,False,300,50,0.0000,0.0000,0.0000,0.3008,0.4556,0.3624,0.3008,0.4556,0.3624,4.24582052230835,5.9689929485321045,10.214813470840454,nu_0.1,
yeast,isf,0.05,1e-06,False,300,50,0.0000,0.0000,0.0000,0.3008,0.4556,0.3624,0.3008,0.4556,0.3624,4.24582052230835,5.9689929485321045,10.214813470840454,nu_0.1,
yeast,isf,0.1,1e-06,False,300,50,0.0000,0.0000,0.0000,0.3008,0.4556,0.3624,0.3008,0.4556,0.3624,4.24582052230835,5.9689929485321045,10.214813470840454,nu_0.1,
yeast,isf,0,1e-06,False,300,10,0.0000,0.0000,0.0000,0.3381,0.9783,0.5025,0.3381,0.9783,0.5025,3.699920654296875,6.053096294403076,9.753016948699951,nu_0.5,
yeast,isf,0.01,1e-06,False,300,10,0.0000,0.0000,0.0000,0.3381,0.9783,0.5025,0.3381,0.9783,0.5025,3.699920654296875,6.053096294403076,9.753016948699951,nu_0.5,
yeast,isf,0.05,1e-06,False,300,10,0.0000,0.0000,0.0000,0.3381,0.9783,0.5025,0.3381,0.9783,0.5025,3.699920654296875,6.053096294403076,9.753016948699951,nu_0.5,
yeast,isf,0.1,1e-06,False,300,10,0.0000,0.0000,0.0000,0.3381,0.9783,0.5025,0.3381,0.9783,0.5025,3.699920654296875,6.053096294403076,9.753016948699951,nu_0.5,
yeast,isf,0,1e-06,False,300,50,0.0000,0.0000,0.0000,0.3381,0.9783,0.5025,0.3381,0.9783,0.5025,3.699920654296875,5.984090805053711,9.684011459350586,nu_0.5,
yeast,isf,0.01,1e-06,False,300,50,0.0000,0.0000,0.0000,0.3381,0.9783,0.5025,0.3381,0.9783,0.5025,3.699920654296875,5.984090805053711,9.684011459350586,nu_0.5,
yeast,isf,0.05,1e-06,False,300,50,0.0000,0.0000,0.0000,0.3381,0.9783,0.5025,0.3381,0.9783,0.5025,3.699920654296875,5.984090805053711,9.684011459350586,nu_0.5,
yeast,isf,0.1,1e-06,False,300,50,0.0000,0.0000,0.0000,0.3381,0.9783,0.5025,0.3381,0.9783,0.5025,3.699920654296875,5.984090805053711,9.684011459350586,nu_0.5,
yeast,isf,0,0.0001,True,50,10,0.2847,0.4576,0.3510,0.3008,0.4556,0.3624,0.2979,0.5740,0.3922,3.7366368770599365,1397.4842851161957,1401.2209219932556,nu_0.1,
yeast,isf,0.01,0.0001,True,50,10,0.2760,0.3984,0.3261,0.3008,0.4556,0.3624,0.2956,0.5464,0.3837,3.7366368770599365,1397.4842851161957,1401.2209219932556,nu_0.1,
yeast,isf,0.05,0.0001,True,50,10,0.2748,0.1203,0.1674,0.3008,0.4556,0.3624,0.2947,0.4615,0.3597,3.7366368770599365,1397.4842851161957,1401.2209219932556,nu_0.1,
yeast,isf,0.1,0.0001,True,50,10,0.3077,0.0158,0.0300,0.3008,0.4556,0.3624,0.3000,0.4556,0.3618,3.7366368770599365,1397.4842851161957,1401.2209219932556,nu_0.1,
yeast,isf,0,0.0001,True,50,50,0.0000,0.0000,0.0000,0.3008,0.4556,0.3624,0.3008,0.4556,0.3624,3.7366368770599365,57.670984745025635,61.40762162208557,nu_0.1,
yeast,isf,0.01,0.0001,True,50,50,0.0000,0.0000,0.0000,0.3008,0.4556,0.3624,0.3008,0.4556,0.3624,3.7366368770599365,57.670984745025635,61.40762162208557,nu_0.1,
yeast,isf,0.05,0.0001,True,50,50,0.0000,0.0000,0.0000,0.3008,0.4556,0.3624,0.3008,0.4556,0.3624,3.7366368770599365,57.670984745025635,61.40762162208557,nu_0.1,
yeast,isf,0.1,0.0001,True,50,50,0.0000,0.0000,0.0000,0.3008,0.4556,0.3624,0.3008,0.4556,0.3624,3.7366368770599365,57.670984745025635,61.40762162208557,nu_0.1,
yeast,isf,0,0.0001,True,50,10,0.3396,0.9901,0.5058,0.3381,0.9822,0.5030,0.3416,1.0000,0.5093,3.795715570449829,1390.6782319545746,1394.4739475250244,nu_0.5,
yeast,isf,0.01,0.0001,True,50,10,0.3388,0.9783,0.5033,0.3381,0.9822,0.5030,0.3412,0.9980,0.5085,3.795715570449829,1390.6782319545746,1394.4739475250244,nu_0.5,
yeast,isf,0.05,0.0001,True,50,10,0.3258,0.8540,0.4717,0.3381,0.9822,0.5030,0.3394,0.9901,0.5055,3.795715570449829,1390.6782319545746,1394.4739475250244,nu_0.5,
yeast,isf,0.1,0.0001,True,50,10,0.2666,0.3886,0.3162,0.3381,0.9822,0.5030,0.3381,0.9822,0.5030,3.795715570449829,1390.6782319545746,1394.4739475250244,nu_0.5,
yeast,isf,0,0.0001,True,50,50,0.0000,0.0000,0.0000,0.3381,0.9822,0.5030,0.3381,0.9822,0.5030,3.795715570449829,57.60249924659729,61.39821481704712,nu_0.5,
yeast,isf,0.01,0.0001,True,50,50,0.0000,0.0000,0.0000,0.3381,0.9822,0.5030,0.3381,0.9822,0.5030,3.795715570449829,57.60249924659729,61.39821481704712,nu_0.5,
yeast,isf,0.05,0.0001,True,50,50,0.0000,0.0000,0.0000,0.3381,0.9822,0.5030,0.3381,0.9822,0.5030,3.795715570449829,57.60249924659729,61.39821481704712,nu_0.5,
yeast,isf,0.1,0.0001,True,50,50,0.0000,0.0000,0.0000,0.3381,0.9822,0.5030,0.3381,0.9822,0.5030,3.795715570449829,57.60249924659729,61.39821481704712,nu_0.5,
yeast,isf,0,0.0001,True,100,10,0.2765,0.4734,0.3491,0.2896,0.4359,0.3480,0.2834,0.5523,0.3746,3.8185067176818848,1449.643973350525,1453.4624800682068,nu_0.1,
yeast,isf,0.01,0.0001,True,100,10,0.2773,0.4063,0.3296,0.2896,0.4359,0.3480,0.2874,0.5187,0.3699,3.8185067176818848,1449.643973350525,1453.4624800682068,nu_0.1,
yeast,isf,0.05,0.0001,True,100,10,0.2681,0.3294,0.2956,0.2896,0.4359,0.3480,0.2854,0.4813,0.3583,3.8185067176818848,1449.643973350525,1453.4624800682068,nu_0.1,
yeast,isf,0.1,0.0001,True,100,10,0.2703,0.1183,0.1646,0.2896,0.4359,0.3480,0.2848,0.4359,0.3445,3.8185067176818848,1449.643973350525,1453.4624800682068,nu_0.1,
yeast,isf,0,0.0001,True,100,50,0.2742,0.4694,0.3462,0.2896,0.4359,0.3480,0.2841,0.5542,0.3757,3.8185067176818848,1465.4662675857544,1469.2847743034363,nu_0.1,
yeast,isf,0.01,0.0001,True,100,50,0.2738,0.4024,0.3259,0.2896,0.4359,0.3480,0.2865,0.5187,0.3691,3.8185067176818848,1465.4662675857544,1469.2847743034363,nu_0.1,
yeast,isf,0.05,0.0001,True,100,50,0.2697,0.3314,0.2973,0.2896,0.4359,0.3480,0.2855,0.4832,0.3590,3.8185067176818848,1465.4662675857544,1469.2847743034363,nu_0.1,
yeast,isf,0.1,0.0001,True,100,50,0.2682,0.1164,0.1623,0.2896,0.4359,0.3480,0.2852,0.4359,0.3448,3.8185067176818848,1465.4662675857544,1469.2847743034363,nu_0.1,
yeast,isf,0,0.0001,True,100,10,0.3401,0.9921,0.5065,0.3390,0.9842,0.5043,0.3414,0.9980,0.5088,3.641230583190918,1495.6420345306396,1499.2832651138306,nu_0.5,
yeast,isf,0.01,0.0001,True,100,10,0.3370,0.9763,0.5010,0.3390,0.9842,0.5043,0.3414,0.9980,0.5088,3.641230583190918,1495.6420345306396,1499.2832651138306,nu_0.5,
yeast,isf,0.05,0.0001,True,100,10,0.3313,0.9487,0.4911,0.3390,0.9842,0.5043,0.3410,0.9961,0.5080,3.641230583190918,1495.6420345306396,1499.2832651138306,nu_0.5,
yeast,isf,0.1,0.0001,True,100,10,0.3196,0.8402,0.4630,0.3390,0.9842,0.5043,0.3392,0.9882,0.5050,3.641230583190918,1495.6420345306396,1499.2832651138306,nu_0.5,
yeast,isf,0,0.0001,True,100,50,0.3405,0.9941,0.5073,0.3390,0.9842,0.5043,0.3414,0.9980,0.5088,3.641230583190918,1493.9300632476807,1497.5712938308716,nu_0.5,
yeast,isf,0.01,0.0001,True,100,50,0.3361,0.9744,0.4997,0.3390,0.9842,0.5043,0.3414,0.9980,0.5088,3.641230583190918,1493.9300632476807,1497.5712938308716,nu_0.5,
yeast,isf,0.05,0.0001,True,100,50,0.3313,0.9487,0.4911,0.3390,0.9842,0.5043,0.3410,0.9961,0.5080,3.641230583190918,1493.9300632476807,1497.5712938308716,nu_0.5,
yeast,isf,0.1,0.0001,True,100,50,0.3186,0.8363,0.4614,0.3390,0.9842,0.5043,0.3388,0.9862,0.5043,3.641230583190918,1493.9300632476807,1497.5712938308716,nu_0.5,
yeast,isf,0,0.0001,True,300,10,0.2796,0.4990,0.3584,0.3067,0.4536,0.3660,0.2961,0.5700,0.3898,3.9887287616729736,1699.0236299037933,1703.0123586654663,nu_0.1,
yeast,isf,0.01,0.0001,True,300,10,0.2841,0.4517,0.3488,0.3067,0.4536,0.3660,0.2993,0.5325,0.3833,3.9887287616729736,1699.0236299037933,1703.0123586654663,nu_0.1,
yeast,isf,0.05,0.0001,True,300,10,0.2762,0.3945,0.3249,0.3067,0.4536,0.3660,0.2958,0.4970,0.3709,3.9887287616729736,1699.0236299037933,1703.0123586654663,nu_0.1,
yeast,isf,0.1,0.0001,True,300,10,0.2739,0.3669,0.3137,0.3067,0.4536,0.3660,0.2984,0.4892,0.3707,3.9887287616729736,1699.0236299037933,1703.0123586654663,nu_0.1,
yeast,isf,0,0.0001,True,300,50,0.2783,0.4951,0.3563,0.3067,0.4536,0.3660,0.2951,0.5680,0.3884,3.9887287616729736,1695.5366897583008,1699.5254185199738,nu_0.1,
yeast,isf,0.01,0.0001,True,300,50,0.2809,0.4438,0.3440,0.3067,0.4536,0.3660,0.2965,0.5247,0.3789,3.9887287616729736,1695.5366897583008,1699.5254185199738,nu_0.1,
yeast,isf,0.05,0.0001,True,300,50,0.2742,0.3905,0.3222,0.3067,0.4536,0.3660,0.2938,0.4931,0.3682,3.9887287616729736,1695.5366897583008,1699.5254185199738,nu_0.1,
yeast,isf,0.1,0.0001,True,300,50,0.2756,0.3669,0.3147,0.3067,0.4536,0.3660,0.2995,0.4892,0.3715,3.9887287616729736,1695.5366897583008,1699.5254185199738,nu_0.1,
yeast,isf,0,0.0001,True,300,10,0.3408,0.9961,0.5078,0.3374,0.9783,0.5018,0.3412,0.9980,0.5085,4.026710271835327,1694.7120399475098,1698.738750219345,nu_0.5,
yeast,isf,0.01,0.0001,True,300,10,0.3399,0.9901,0.5060,0.3374,0.9783,0.5018,0.3408,0.9961,0.5078,4.026710271835327,1694.7120399475098,1698.738750219345,nu_0.5,
yeast,isf,0.05,0.0001,True,300,10,0.3397,0.9862,0.5053,0.3374,0.9783,0.5018,0.3403,0.9941,0.5070,4.026710271835327,1694.7120399475098,1698.738750219345,nu_0.5,
yeast,isf,0.1,0.0001,True,300,10,0.3386,0.9783,0.5030,0.3374,0.9783,0.5018,0.3396,0.9901,0.5058,4.026710271835327,1694.7120399475098,1698.738750219345,nu_0.5,
yeast,isf,0,0.0001,True,300,50,0.3412,0.9980,0.5085,0.3374,0.9783,0.5018,0.3416,1.0000,0.5093,4.026710271835327,1692.3009297847748,1696.32764005661,nu_0.5,
yeast,isf,0.01,0.0001,True,300,50,0.3408,0.9941,0.5076,0.3374,0.9783,0.5018,0.3412,0.9980,0.5085,4.026710271835327,1692.3009297847748,1696.32764005661,nu_0.5,
yeast,isf,0.05,0.0001,True,300,50,0.3397,0.9862,0.5053,0.3374,0.9783,0.5018,0.3403,0.9941,0.5070,4.026710271835327,1692.3009297847748,1696.32764005661,nu_0.5,
yeast,isf,0.1,0.0001,True,300,50,0.3386,0.9783,0.5030,0.3374,0.9783,0.5018,0.3396,0.9901,0.5058,4.026710271835327,1692.3009297847748,1696.32764005661,nu_0.5,
yeast,isf,0,0.0001,False,300,10,0.0000,0.0000,0.0000,0.2983,0.4536,0.3599,0.2983,0.4536,0.3599,3.7936501502990723,6.414667844772339,10.208317995071411,nu_0.1,
yeast,isf,0.01,0.0001,False,300,10,0.0000,0.0000,0.0000,0.2983,0.4536,0.3599,0.2983,0.4536,0.3599,3.7936501502990723,6.414667844772339,10.208317995071411,nu_0.1,
yeast,isf,0.05,0.0001,False,300,10,0.0000,0.0000,0.0000,0.2983,0.4536,0.3599,0.2983,0.4536,0.3599,3.7936501502990723,6.414667844772339,10.208317995071411,nu_0.1,
yeast,isf,0.1,0.0001,False,300,10,0.0000,0.0000,0.0000,0.2983,0.4536,0.3599,0.2983,0.4536,0.3599,3.7936501502990723,6.414667844772339,10.208317995071411,nu_0.1,
yeast,isf,0,0.0001,False,300,50,0.0000,0.0000,0.0000,0.2983,0.4536,0.3599,0.2983,0.4536,0.3599,3.7936501502990723,6.05986213684082,9.853512287139893,nu_0.1,
yeast,isf,0.01,0.0001,False,300,50,0.0000,0.0000,0.0000,0.2983,0.4536,0.3599,0.2983,0.4536,0.3599,3.7936501502990723,6.05986213684082,9.853512287139893,nu_0.1,
yeast,isf,0.05,0.0001,False,300,50,0.0000,0.0000,0.0000,0.2983,0.4536,0.3599,0.2983,0.4536,0.3599,3.7936501502990723,6.05986213684082,9.853512287139893,nu_0.1,
yeast,isf,0.1,0.0001,False,300,50,0.0000,0.0000,0.0000,0.2983,0.4536,0.3599,0.2983,0.4536,0.3599,3.7936501502990723,6.05986213684082,9.853512287139893,nu_0.1,
yeast,isf,0,0.0001,False,300,10,0.0000,0.0000,0.0000,0.3376,0.9783,0.5020,0.3376,0.9783,0.5020,3.700253963470459,6.108355760574341,9.8086097240448,nu_0.5,
yeast,isf,0.01,0.0001,False,300,10,0.0000,0.0000,0.0000,0.3376,0.9783,0.5020,0.3376,0.9783,0.5020,3.700253963470459,6.108355760574341,9.8086097240448,nu_0.5,
yeast,isf,0.05,0.0001,False,300,10,0.0000,0.0000,0.0000,0.3376,0.9783,0.5020,0.3376,0.9783,0.5020,3.700253963470459,6.108355760574341,9.8086097240448,nu_0.5,
yeast,isf,0.1,0.0001,False,300,10,0.0000,0.0000,0.0000,0.3376,0.9783,0.5020,0.3376,0.9783,0.5020,3.700253963470459,6.108355760574341,9.8086097240448,nu_0.5,
yeast,isf,0,0.0001,False,300,50,0.0000,0.0000,0.0000,0.3376,0.9783,0.5020,0.3376,0.9783,0.5020,3.700253963470459,6.243070125579834,9.943324089050293,nu_0.5,
yeast,isf,0.01,0.0001,False,300,50,0.0000,0.0000,0.0000,0.3376,0.9783,0.5020,0.3376,0.9783,0.5020,3.700253963470459,6.243070125579834,9.943324089050293,nu_0.5,
yeast,isf,0.05,0.0001,False,300,50,0.0000,0.0000,0.0000,0.3376,0.9783,0.5020,0.3376,0.9783,0.5020,3.700253963470459,6.243070125579834,9.943324089050293,nu_0.5,
yeast,isf,0.1,0.0001,False,300,50,0.0000,0.0000,0.0000,0.3376,0.9783,0.5020,0.3376,0.9783,0.5020,3.700253963470459,6.243070125579834,9.943324089050293,nu_0.5,
yeast,isf,0,0.01,True,50,10,0.2847,0.4576,0.3510,0.3008,0.4556,0.3624,0.2979,0.5740,0.3922,3.666525363922119,1450.7284135818481,1454.3949389457703,nu_0.1,
yeast,isf,0.01,0.01,True,50,10,0.2760,0.3984,0.3261,0.3008,0.4556,0.3624,0.2956,0.5464,0.3837,3.666525363922119,1450.7284135818481,1454.3949389457703,nu_0.1,
yeast,isf,0.05,0.01,True,50,10,0.2748,0.1203,0.1674,0.3008,0.4556,0.3624,0.2947,0.4615,0.3597,3.666525363922119,1450.7284135818481,1454.3949389457703,nu_0.1,
yeast,isf,0.1,0.01,True,50,10,0.3077,0.0158,0.0300,0.3008,0.4556,0.3624,0.3000,0.4556,0.3618,3.666525363922119,1450.7284135818481,1454.3949389457703,nu_0.1,
yeast,isf,0,0.01,True,50,50,0.0000,0.0000,0.0000,0.3008,0.4556,0.3624,0.3008,0.4556,0.3624,3.666525363922119,57.43546986579895,61.10199522972107,nu_0.1,
yeast,isf,0.01,0.01,True,50,50,0.0000,0.0000,0.0000,0.3008,0.4556,0.3624,0.3008,0.4556,0.3624,3.666525363922119,57.43546986579895,61.10199522972107,nu_0.1,
yeast,isf,0.05,0.01,True,50,50,0.0000,0.0000,0.0000,0.3008,0.4556,0.3624,0.3008,0.4556,0.3624,3.666525363922119,57.43546986579895,61.10199522972107,nu_0.1,
yeast,isf,0.1,0.01,True,50,50,0.0000,0.0000,0.0000,0.3008,0.4556,0.3624,0.3008,0.4556,0.3624,3.666525363922119,57.43546986579895,61.10199522972107,nu_0.1,
yeast,isf,0,0.01,True,50,10,0.3396,0.9901,0.5058,0.3381,0.9822,0.5030,0.3416,1.0000,0.5093,4.1809282302856445,1447.8311278820038,1452.0120561122894,nu_0.5,
yeast,isf,0.01,0.01,True,50,10,0.3388,0.9783,0.5033,0.3381,0.9822,0.5030,0.3412,0.9980,0.5085,4.1809282302856445,1447.8311278820038,1452.0120561122894,nu_0.5,
yeast,isf,0.05,0.01,True,50,10,0.3258,0.8540,0.4717,0.3381,0.9822,0.5030,0.3394,0.9901,0.5055,4.1809282302856445,1447.8311278820038,1452.0120561122894,nu_0.5,
yeast,isf,0.1,0.01,True,50,10,0.2666,0.3886,0.3162,0.3381,0.9822,0.5030,0.3381,0.9822,0.5030,4.1809282302856445,1447.8311278820038,1452.0120561122894,nu_0.5,
yeast,isf,0,0.01,True,50,50,0.0000,0.0000,0.0000,0.3381,0.9822,0.5030,0.3381,0.9822,0.5030,4.1809282302856445,57.26988077163696,61.45080900192261,nu_0.5,
yeast,isf,0.01,0.01,True,50,50,0.0000,0.0000,0.0000,0.3381,0.9822,0.5030,0.3381,0.9822,0.5030,4.1809282302856445,57.26988077163696,61.45080900192261,nu_0.5,
yeast,isf,0.05,0.01,True,50,50,0.0000,0.0000,0.0000,0.3381,0.9822,0.5030,0.3381,0.9822,0.5030,4.1809282302856445,57.26988077163696,61.45080900192261,nu_0.5,
yeast,isf,0.1,0.01,True,50,50,0.0000,0.0000,0.0000,0.3381,0.9822,0.5030,0.3381,0.9822,0.5030,4.1809282302856445,57.26988077163696,61.45080900192261,nu_0.5,
yeast,isf,0,0.01,True,100,10,0.2765,0.4734,0.3491,0.2896,0.4359,0.3480,0.2834,0.5523,0.3746,3.5866599082946777,1500.2207629680634,1503.807422876358,nu_0.1,
yeast,isf,0.01,0.01,True,100,10,0.2773,0.4063,0.3296,0.2896,0.4359,0.3480,0.2874,0.5187,0.3699,3.5866599082946777,1500.2207629680634,1503.807422876358,nu_0.1,
yeast,isf,0.05,0.01,True,100,10,0.2681,0.3294,0.2956,0.2896,0.4359,0.3480,0.2854,0.4813,0.3583,3.5866599082946777,1500.2207629680634,1503.807422876358,nu_0.1,
yeast,isf,0.1,0.01,True,100,10,0.2703,0.1183,0.1646,0.2896,0.4359,0.3480,0.2848,0.4359,0.3445,3.5866599082946777,1500.2207629680634,1503.807422876358,nu_0.1,
yeast,isf,0,0.01,True,100,50,0.2742,0.4694,0.3462,0.2896,0.4359,0.3480,0.2841,0.5542,0.3757,3.5866599082946777,1496.4227769374847,1500.0094368457794,nu_0.1,
yeast,isf,0.01,0.01,True,100,50,0.2738,0.4024,0.3259,0.2896,0.4359,0.3480,0.2865,0.5187,0.3691,3.5866599082946777,1496.4227769374847,1500.0094368457794,nu_0.1,
yeast,isf,0.05,0.01,True,100,50,0.2697,0.3314,0.2973,0.2896,0.4359,0.3480,0.2855,0.4832,0.3590,3.5866599082946777,1496.4227769374847,1500.0094368457794,nu_0.1,
yeast,isf,0.1,0.01,True,100,50,0.2682,0.1164,0.1623,0.2896,0.4359,0.3480,0.2852,0.4359,0.3448,3.5866599082946777,1496.4227769374847,1500.0094368457794,nu_0.1,
yeast,isf,0,0.01,True,100,10,0.3401,0.9921,0.5065,0.3390,0.9842,0.5043,0.3414,0.9980,0.5088,3.7775866985321045,1498.059415102005,1501.837001800537,nu_0.5,
yeast,isf,0.01,0.01,True,100,10,0.3370,0.9763,0.5010,0.3390,0.9842,0.5043,0.3414,0.9980,0.5088,3.7775866985321045,1498.059415102005,1501.837001800537,nu_0.5,
yeast,isf,0.05,0.01,True,100,10,0.3313,0.9487,0.4911,0.3390,0.9842,0.5043,0.3410,0.9961,0.5080,3.7775866985321045,1498.059415102005,1501.837001800537,nu_0.5,
yeast,isf,0.1,0.01,True,100,10,0.3196,0.8402,0.4630,0.3390,0.9842,0.5043,0.3392,0.9882,0.5050,3.7775866985321045,1498.059415102005,1501.837001800537,nu_0.5,
yeast,isf,0,0.01,True,100,50,0.3405,0.9941,0.5073,0.3390,0.9842,0.5043,0.3414,0.9980,0.5088,3.7775866985321045,1499.3645234107971,1503.1421101093292,nu_0.5,
yeast,isf,0.01,0.01,True,100,50,0.3361,0.9744,0.4997,0.3390,0.9842,0.5043,0.3414,0.9980,0.5088,3.7775866985321045,1499.3645234107971,1503.1421101093292,nu_0.5,
yeast,isf,0.05,0.01,True,100,50,0.3313,0.9487,0.4911,0.3390,0.9842,0.5043,0.3410,0.9961,0.5080,3.7775866985321045,1499.3645234107971,1503.1421101093292,nu_0.5,
yeast,isf,0.1,0.01,True,100,50,0.3186,0.8363,0.4614,0.3390,0.9842,0.5043,0.3388,0.9862,0.5043,3.7775866985321045,1499.3645234107971,1503.1421101093292,nu_0.5,
yeast,isf,0,0.01,True,300,10,0.2796,0.4990,0.3584,0.3067,0.4536,0.3660,0.2961,0.5700,0.3898,3.7903237342834473,1702.1084072589874,1705.8987309932709,nu_0.1,
yeast,isf,0.01,0.01,True,300,10,0.2841,0.4517,0.3488,0.3067,0.4536,0.3660,0.2993,0.5325,0.3833,3.7903237342834473,1702.1084072589874,1705.8987309932709,nu_0.1,
yeast,isf,0.05,0.01,True,300,10,0.2762,0.3945,0.3249,0.3067,0.4536,0.3660,0.2958,0.4970,0.3709,3.7903237342834473,1702.1084072589874,1705.8987309932709,nu_0.1,
yeast,isf,0.1,0.01,True,300,10,0.2739,0.3669,0.3137,0.3067,0.4536,0.3660,0.2984,0.4892,0.3707,3.7903237342834473,1702.1084072589874,1705.8987309932709,nu_0.1,
yeast,isf,0,0.01,True,300,50,0.2783,0.4951,0.3563,0.3067,0.4536,0.3660,0.2951,0.5680,0.3884,3.7903237342834473,1700.0005457401276,1703.790869474411,nu_0.1,
yeast,isf,0.01,0.01,True,300,50,0.2809,0.4438,0.3440,0.3067,0.4536,0.3660,0.2965,0.5247,0.3789,3.7903237342834473,1700.0005457401276,1703.790869474411,nu_0.1,
yeast,isf,0.05,0.01,True,300,50,0.2742,0.3905,0.3222,0.3067,0.4536,0.3660,0.2938,0.4931,0.3682,3.7903237342834473,1700.0005457401276,1703.790869474411,nu_0.1,
yeast,isf,0.1,0.01,True,300,50,0.2756,0.3669,0.3147,0.3067,0.4536,0.3660,0.2995,0.4892,0.3715,3.7903237342834473,1700.0005457401276,1703.790869474411,nu_0.1,
yeast,isf,0,0.01,True,300,10,0.3408,0.9961,0.5078,0.3374,0.9783,0.5018,0.3412,0.9980,0.5085,3.6959872245788574,1705.933734178543,1709.629721403122,nu_0.5,
yeast,isf,0.01,0.01,True,300,10,0.3399,0.9901,0.5060,0.3374,0.9783,0.5018,0.3408,0.9961,0.5078,3.6959872245788574,1705.933734178543,1709.629721403122,nu_0.5,
yeast,isf,0.05,0.01,True,300,10,0.3397,0.9862,0.5053,0.3374,0.9783,0.5018,0.3403,0.9941,0.5070,3.6959872245788574,1705.933734178543,1709.629721403122,nu_0.5,
yeast,isf,0.1,0.01,True,300,10,0.3386,0.9783,0.5030,0.3374,0.9783,0.5018,0.3396,0.9901,0.5058,3.6959872245788574,1705.933734178543,1709.629721403122,nu_0.5,
yeast,isf,0,0.01,True,300,50,0.3412,0.9980,0.5085,0.3374,0.9783,0.5018,0.3416,1.0000,0.5093,3.6959872245788574,1702.584165096283,1706.2801523208618,nu_0.5,
yeast,isf,0.01,0.01,True,300,50,0.3408,0.9941,0.5076,0.3374,0.9783,0.5018,0.3412,0.9980,0.5085,3.6959872245788574,1702.584165096283,1706.2801523208618,nu_0.5,
yeast,isf,0.05,0.01,True,300,50,0.3397,0.9862,0.5053,0.3374,0.9783,0.5018,0.3403,0.9941,0.5070,3.6959872245788574,1702.584165096283,1706.2801523208618,nu_0.5,
yeast,isf,0.1,0.01,True,300,50,0.3386,0.9783,0.5030,0.3374,0.9783,0.5018,0.3396,0.9901,0.5058,3.6959872245788574,1702.584165096283,1706.2801523208618,nu_0.5,
yeast,isf,0,0.01,False,300,10,0.0000,0.0000,0.0000,0.2983,0.4536,0.3599,0.2983,0.4536,0.3599,4.197547197341919,6.476156711578369,10.673703908920288,nu_0.1,
yeast,isf,0.01,0.01,False,300,10,0.0000,0.0000,0.0000,0.2983,0.4536,0.3599,0.2983,0.4536,0.3599,4.197547197341919,6.476156711578369,10.673703908920288,nu_0.1,
yeast,isf,0.05,0.01,False,300,10,0.0000,0.0000,0.0000,0.2983,0.4536,0.3599,0.2983,0.4536,0.3599,4.197547197341919,6.476156711578369,10.673703908920288,nu_0.1,
yeast,isf,0.1,0.01,False,300,10,0.0000,0.0000,0.0000,0.2983,0.4536,0.3599,0.2983,0.4536,0.3599,4.197547197341919,6.476156711578369,10.673703908920288,nu_0.1,
yeast,isf,0,0.01,False,300,50,0.0000,0.0000,0.0000,0.2983,0.4536,0.3599,0.2983,0.4536,0.3599,4.197547197341919,6.299137592315674,10.496684789657593,nu_0.1,
yeast,isf,0.01,0.01,False,300,50,0.0000,0.0000,0.0000,0.2983,0.4536,0.3599,0.2983,0.4536,0.3599,4.197547197341919,6.299137592315674,10.496684789657593,nu_0.1,
yeast,isf,0.05,0.01,False,300,50,0.0000,0.0000,0.0000,0.2983,0.4536,0.3599,0.2983,0.4536,0.3599,4.197547197341919,6.299137592315674,10.496684789657593,nu_0.1,
yeast,isf,0.1,0.01,False,300,50,0.0000,0.0000,0.0000,0.2983,0.4536,0.3599,0.2983,0.4536,0.3599,4.197547197341919,6.299137592315674,10.496684789657593,nu_0.1,
yeast,isf,0,0.01,False,300,10,0.0000,0.0000,0.0000,0.3376,0.9783,0.5020,0.3376,0.9783,0.5020,3.6297333240509033,6.3631792068481445,9.992912530899048,nu_0.5,
yeast,isf,0.01,0.01,False,300,10,0.0000,0.0000,0.0000,0.3376,0.9783,0.5020,0.3376,0.9783,0.5020,3.6297333240509033,6.3631792068481445,9.992912530899048,nu_0.5,
yeast,isf,0.05,0.01,False,300,10,0.0000,0.0000,0.0000,0.3376,0.9783,0.5020,0.3376,0.9783,0.5020,3.6297333240509033,6.3631792068481445,9.992912530899048,nu_0.5,
yeast,isf,0.1,0.01,False,300,10,0.0000,0.0000,0.0000,0.3376,0.9783,0.5020,0.3376,0.9783,0.5020,3.6297333240509033,6.3631792068481445,9.992912530899048,nu_0.5,
yeast,isf,0,0.01,False,300,50,0.0000,0.0000,0.0000,0.3376,0.9783,0.5020,0.3376,0.9783,0.5020,3.6297333240509033,6.09918737411499,9.728920698165894,nu_0.5,
yeast,isf,0.01,0.01,False,300,50,0.0000,0.0000,0.0000,0.3376,0.9783,0.5020,0.3376,0.9783,0.5020,3.6297333240509033,6.09918737411499,9.728920698165894,nu_0.5,
yeast,isf,0.05,0.01,False,300,50,0.0000,0.0000,0.0000,0.3376,0.9783,0.5020,0.3376,0.9783,0.5020,3.6297333240509033,6.09918737411499,9.728920698165894,nu_0.5,
yeast,isf,0.1,0.01,False,300,50,0.0000,0.0000,0.0000,0.3376,0.9783,0.5020,0.3376,0.9783,0.5020,3.6297333240509033,6.09918737411499,9.728920698165894,nu_0.5,
abalone,isf,0,1e-06,True,50,10,0.4329,0.1024,0.1656,0.6549,0.3128,0.4234,0.5906,0.3695,0.4546,2.8413665294647217,444.82934165000916,447.6707081794739,nu_0.1,
abalone,isf,0.01,1e-06,True,50,10,0.4890,0.0533,0.0962,0.6549,0.3128,0.4234,0.6171,0.3494,0.4461,2.8413665294647217,444.82934165000916,447.6707081794739,nu_0.1,
abalone,isf,0.05,1e-06,True,50,10,0.0000,0.0000,0.0000,0.6549,0.3128,0.4234,0.6549,0.3128,0.4234,2.8413665294647217,444.82934165000916,447.6707081794739,nu_0.1,
abalone,isf,0.1,1e-06,True,50,10,0.0000,0.0000,0.0000,0.6549,0.3128,0.4234,0.6549,0.3128,0.4234,2.8413665294647217,444.82934165000916,447.6707081794739,nu_0.1,
abalone,isf,0,1e-06,True,50,50,0.0000,0.0000,0.0000,0.6549,0.3128,0.4234,0.6549,0.3128,0.4234,2.8413665294647217,1.9545879364013672,4.795954465866089,nu_0.1,
abalone,isf,0.01,1e-06,True,50,50,0.0000,0.0000,0.0000,0.6549,0.3128,0.4234,0.6549,0.3128,0.4234,2.8413665294647217,1.9545879364013672,4.795954465866089,nu_0.1,
abalone,isf,0.05,1e-06,True,50,50,0.0000,0.0000,0.0000,0.6549,0.3128,0.4234,0.6549,0.3128,0.4234,2.8413665294647217,1.9545879364013672,4.795954465866089,nu_0.1,
abalone,isf,0.1,1e-06,True,50,50,0.0000,0.0000,0.0000,0.6549,0.3128,0.4234,0.6549,0.3128,0.4234,2.8413665294647217,1.9545879364013672,4.795954465866089,nu_0.1,
abalone,isf,0,1e-06,True,50,10,0.4619,0.4541,0.4580,0.5035,0.9274,0.6527,0.5010,0.9553,0.6573,3.042867660522461,443.73344707489014,446.7763147354126,nu_0.5,
abalone,isf,0.01,1e-06,True,50,10,0.5268,0.3071,0.3880,0.5035,0.9274,0.6527,0.5020,0.9505,0.6570,3.042867660522461,443.73344707489014,446.7763147354126,nu_0.5,
abalone,isf,0.05,1e-06,True,50,10,0.0000,0.0000,0.0000,0.5035,0.9274,0.6527,0.5035,0.9274,0.6527,3.042867660522461,443.73344707489014,446.7763147354126,nu_0.5,
abalone,isf,0.1,1e-06,True,50,10,0.0000,0.0000,0.0000,0.5035,0.9274,0.6527,0.5035,0.9274,0.6527,3.042867660522461,443.73344707489014,446.7763147354126,nu_0.5,
abalone,isf,0,1e-06,True,50,50,0.0000,0.0000,0.0000,0.5035,0.9274,0.6527,0.5035,0.9274,0.6527,3.042867660522461,1.9523065090179443,4.995174169540405,nu_0.5,
abalone,isf,0.01,1e-06,True,50,50,0.0000,0.0000,0.0000,0.5035,0.9274,0.6527,0.5035,0.9274,0.6527,3.042867660522461,1.9523065090179443,4.995174169540405,nu_0.5,
abalone,isf,0.05,1e-06,True,50,50,0.0000,0.0000,0.0000,0.5035,0.9274,0.6527,0.5035,0.9274,0.6527,3.042867660522461,1.9523065090179443,4.995174169540405,nu_0.5,
abalone,isf,0.1,1e-06,True,50,50,0.0000,0.0000,0.0000,0.5035,0.9274,0.6527,0.5035,0.9274,0.6527,3.042867660522461,1.9523065090179443,4.995174169540405,nu_0.5,
abalone,isf,0,1e-06,True,100,10,0.4274,0.1273,0.1962,0.6512,0.3032,0.4138,0.5738,0.3772,0.4552,2.882957935333252,458.66645431518555,461.5494122505188,nu_0.1,
abalone,isf,0.01,1e-06,True,100,10,0.5142,0.0956,0.1613,0.6512,0.3032,0.4138,0.5989,0.3623,0.4515,2.882957935333252,458.66645431518555,461.5494122505188,nu_0.1,
abalone,isf,0.05,1e-06,True,100,10,1.0000,0.0005,0.0010,0.6512,0.3032,0.4138,0.6512,0.3032,0.4138,2.882957935333252,458.66645431518555,461.5494122505188,nu_0.1,
abalone,isf,0.1,1e-06,True,100,10,0.0000,0.0000,0.0000,0.6512,0.3032,0.4138,0.6512,0.3032,0.4138,2.882957935333252,458.66645431518555,461.5494122505188,nu_0.1,
abalone,isf,0,1e-06,True,100,50,0.4274,0.1273,0.1962,0.6512,0.3032,0.4138,0.5739,0.3767,0.4549,2.882957935333252,459.5122900009155,462.3952479362488,nu_0.1,
abalone,isf,0.01,1e-06,True,100,50,0.5103,0.0951,0.1604,0.6512,0.3032,0.4138,0.5979,0.3623,0.4512,2.882957935333252,459.5122900009155,462.3952479362488,nu_0.1,
abalone,isf,0.05,1e-06,True,100,50,1.0000,0.0005,0.0010,0.6512,0.3032,0.4138,0.6512,0.3032,0.4138,2.882957935333252,459.5122900009155,462.3952479362488,nu_0.1,
abalone,isf,0.1,1e-06,True,100,50,0.0000,0.0000,0.0000,0.6512,0.3032,0.4138,0.6512,0.3032,0.4138,2.882957935333252,459.5122900009155,462.3952479362488,nu_0.1,
abalone,isf,0,1e-06,True,100,10,0.4753,0.6439,0.5469,0.5112,0.9015,0.6524,0.5040,0.9644,0.6620,2.9177372455596924,457.5935363769531,460.5112736225128,nu_0.5,
abalone,isf,0.01,1e-06,True,100,10,0.5065,0.4882,0.4972,0.5112,0.9015,0.6524,0.5060,0.9534,0.6611,2.9177372455596924,457.5935363769531,460.5112736225128,nu_0.5,
abalone,isf,0.05,1e-06,True,100,10,1.0000,0.0005,0.0010,0.5112,0.9015,0.6524,0.5112,0.9015,0.6524,2.9177372455596924,457.5935363769531,460.5112736225128,nu_0.5,
abalone,isf,0.1,1e-06,True,100,10,0.0000,0.0000,0.0000,0.5112,0.9015,0.6524,0.5112,0.9015,0.6524,2.9177372455596924,457.5935363769531,460.5112736225128,nu_0.5,
abalone,isf,0,1e-06,True,100,50,0.4739,0.6487,0.5477,0.5112,0.9015,0.6524,0.5040,0.9635,0.6618,2.9177372455596924,458.7175843715668,461.63532161712646,nu_0.5,
abalone,isf,0.01,1e-06,True,100,50,0.5053,0.4839,0.4944,0.5112,0.9015,0.6524,0.5060,0.9534,0.6611,2.9177372455596924,458.7175843715668,461.63532161712646,nu_0.5,
abalone,isf,0.05,1e-06,True,100,50,1.0000,0.0005,0.0010,0.5112,0.9015,0.6524,0.5112,0.9015,0.6524,2.9177372455596924,458.7175843715668,461.63532161712646,nu_0.5,
abalone,isf,0.1,1e-06,True,100,50,0.0000,0.0000,0.0000,0.5112,0.9015,0.6524,0.5112,0.9015,0.6524,2.9177372455596924,458.7175843715668,461.63532161712646,nu_0.5,
abalone,isf,0,1e-06,True,300,10,0.4200,0.2259,0.2937,0.5949,0.2696,0.3710,0.5113,0.4243,0.4638,2.8852760791778564,525.9343893527985,528.8196654319763,nu_0.1,
abalone,isf,0.01,1e-06,True,300,10,0.4765,0.1706,0.2512,0.5949,0.2696,0.3710,0.5311,0.3820,0.4444,2.8852760791778564,525.9343893527985,528.8196654319763,nu_0.1,
abalone,isf,0.05,1e-06,True,300,10,0.5528,0.0428,0.0794,0.5949,0.2696,0.3710,0.5778,0.2979,0.3932,2.8852760791778564,525.9343893527985,528.8196654319763,nu_0.1,
abalone,isf,0.1,1e-06,True,300,10,0.0000,0.0000,0.0000,0.5949,0.2696,0.3710,0.5949,0.2696,0.3710,2.8852760791778564,525.9343893527985,528.8196654319763,nu_0.1,
abalone,isf,0,1e-06,True,300,50,0.4211,0.2283,0.2960,0.5949,0.2696,0.3710,0.5101,0.4248,0.4636,2.8852760791778564,525.7318601608276,528.6171362400055,nu_0.1,
abalone,isf,0.01,1e-06,True,300,50,0.4700,0.1691,0.2488,0.5949,0.2696,0.3710,0.5289,0.3825,0.4439,2.8852760791778564,525.7318601608276,528.6171362400055,nu_0.1,
abalone,isf,0.05,1e-06,True,300,50,0.5583,0.0437,0.0811,0.5949,0.2696,0.3710,0.5786,0.2989,0.3942,2.8852760791778564,525.7318601608276,528.6171362400055,nu_0.1,
abalone,isf,0.1,1e-06,True,300,50,0.0000,0.0000,0.0000,0.5949,0.2696,0.3710,0.5949,0.2696,0.3710,2.8852760791778564,525.7318601608276,528.6171362400055,nu_0.1,
abalone,isf,0,1e-06,True,300,10,0.4776,0.8640,0.6151,0.5032,0.9025,0.6461,0.4988,0.9841,0.6620,2.922675371170044,522.637225151062,525.559900522232,nu_0.5,
abalone,isf,0.01,1e-06,True,300,10,0.4742,0.7328,0.5758,0.5032,0.9025,0.6461,0.5004,0.9721,0.6607,2.922675371170044,522.637225151062,525.559900522232,nu_0.5,
abalone,isf,0.05,1e-06,True,300,10,0.5439,0.2859,0.3748,0.5032,0.9025,0.6461,0.5057,0.9351,0.6564,2.922675371170044,522.637225151062,525.559900522232,nu_0.5,
abalone,isf,0.1,1e-06,True,300,10,0.0000,0.0000,0.0000,0.5032,0.9025,0.6461,0.5032,0.9025,0.6461,2.922675371170044,522.637225151062,525.559900522232,nu_0.5,
abalone,isf,0,1e-06,True,300,50,0.4793,0.8635,0.6165,0.5032,0.9025,0.6461,0.4994,0.9827,0.6622,2.922675371170044,522.9754657745361,525.8981411457062,nu_0.5,
abalone,isf,0.01,1e-06,True,300,50,0.4751,0.7439,0.5799,0.5032,0.9025,0.6461,0.4996,0.9721,0.6600,2.922675371170044,522.9754657745361,525.8981411457062,nu_0.5,
abalone,isf,0.05,1e-06,True,300,50,0.5429,0.2859,0.3746,0.5032,0.9025,0.6461,0.5056,0.9351,0.6563,2.922675371170044,522.9754657745361,525.8981411457062,nu_0.5,
abalone,isf,0.1,1e-06,True,300,50,0.0000,0.0000,0.0000,0.5032,0.9025,0.6461,0.5032,0.9025,0.6461,2.922675371170044,522.9754657745361,525.8981411457062,nu_0.5,
abalone,isf,0,1e-06,False,300,10,0.4896,0.1129,0.1835,0.6568,0.3099,0.4212,0.5886,0.3815,0.4630,2.7969605922698975,428.6841769218445,431.4811375141144,nu_0.1,
abalone,isf,0.01,1e-06,False,300,10,0.5686,0.0697,0.1241,0.6568,0.3099,0.4212,0.6277,0.3614,0.4587,2.7969605922698975,428.6841769218445,431.4811375141144,nu_0.1,
abalone,isf,0.05,1e-06,False,300,10,0.0000,0.0000,0.0000,0.6568,0.3099,0.4212,0.6568,0.3099,0.4212,2.7969605922698975,428.6841769218445,431.4811375141144,nu_0.1,
abalone,isf,0.1,1e-06,False,300,10,0.0000,0.0000,0.0000,0.6568,0.3099,0.4212,0.6568,0.3099,0.4212,2.7969605922698975,428.6841769218445,431.4811375141144,nu_0.1,
abalone,isf,0,1e-06,False,300,50,0.5523,0.0735,0.1298,0.6568,0.3099,0.4212,0.6217,0.3633,0.4586,2.7969605922698975,258.3730375766754,261.1699981689453,nu_0.1,
abalone,isf,0.01,1e-06,False,300,50,0.5545,0.0586,0.1060,0.6568,0.3099,0.4212,0.6287,0.3532,0.4523,2.7969605922698975,258.3730375766754,261.1699981689453,nu_0.1,
abalone,isf,0.05,1e-06,False,300,50,0.0000,0.0000,0.0000,0.6568,0.3099,0.4212,0.6568,0.3099,0.4212,2.7969605922698975,258.3730375766754,261.1699981689453,nu_0.1,
abalone,isf,0.1,1e-06,False,300,50,0.0000,0.0000,0.0000,0.6568,0.3099,0.4212,0.6568,0.3099,0.4212,2.7969605922698975,258.3730375766754,261.1699981689453,nu_0.1,
abalone,isf,0,1e-06,False,300,10,0.5189,0.5089,0.5138,0.5024,0.9149,0.6486,0.5021,0.9616,0.6597,3.0065674781799316,425.5812587738037,428.58782625198364,nu_0.5,
abalone,isf,0.01,1e-06,False,300,10,0.5803,0.3542,0.4399,0.5024,0.9149,0.6486,0.5032,0.9543,0.6589,3.0065674781799316,425.5812587738037,428.58782625198364,nu_0.5,
abalone,isf,0.05,1e-06,False,300,10,0.0000,0.0000,0.0000,0.5024,0.9149,0.6486,0.5024,0.9149,0.6486,3.0065674781799316,425.5812587738037,428.58782625198364,nu_0.5,
abalone,isf,0.1,1e-06,False,300,10,0.0000,0.0000,0.0000,0.5024,0.9149,0.6486,0.5024,0.9149,0.6486,3.0065674781799316,425.5812587738037,428.58782625198364,nu_0.5,
abalone,isf,0,1e-06,False,300,50,0.5997,0.3686,0.4565,0.5024,0.9149,0.6486,0.5025,0.9587,0.6594,3.0065674781799316,257.80335092544556,260.8099184036255,nu_0.5,
abalone,isf,0.01,1e-06,False,300,50,0.5907,0.3051,0.4024,0.5024,0.9149,0.6486,0.5030,0.9515,0.6581,3.0065674781799316,257.80335092544556,260.8099184036255,nu_0.5,
abalone,isf,0.05,1e-06,False,300,50,0.0000,0.0000,0.0000,0.5024,0.9149,0.6486,0.5024,0.9149,0.6486,3.0065674781799316,257.80335092544556,260.8099184036255,nu_0.5,
abalone,isf,0.1,1e-06,False,300,50,0.0000,0.0000,0.0000,0.5024,0.9149,0.6486,0.5024,0.9149,0.6486,3.0065674781799316,257.80335092544556,260.8099184036255,nu_0.5,
abalone,isf,0,0.0001,True,50,10,0.4329,0.1024,0.1656,0.6549,0.3128,0.4234,0.5906,0.3695,0.4546,2.906486988067627,443.2777156829834,446.184202671051,nu_0.1,
abalone,isf,0.01,0.0001,True,50,10,0.4890,0.0533,0.0962,0.6549,0.3128,0.4234,0.6171,0.3494,0.4461,2.906486988067627,443.2777156829834,446.184202671051,nu_0.1,
abalone,isf,0.05,0.0001,True,50,10,0.0000,0.0000,0.0000,0.6549,0.3128,0.4234,0.6549,0.3128,0.4234,2.906486988067627,443.2777156829834,446.184202671051,nu_0.1,
abalone,isf,0.1,0.0001,True,50,10,0.0000,0.0000,0.0000,0.6549,0.3128,0.4234,0.6549,0.3128,0.4234,2.906486988067627,443.2777156829834,446.184202671051,nu_0.1,
abalone,isf,0,0.0001,True,50,50,0.0000,0.0000,0.0000,0.6549,0.3128,0.4234,0.6549,0.3128,0.4234,2.906486988067627,1.9777860641479492,4.884273052215576,nu_0.1,
abalone,isf,0.01,0.0001,True,50,50,0.0000,0.0000,0.0000,0.6549,0.3128,0.4234,0.6549,0.3128,0.4234,2.906486988067627,1.9777860641479492,4.884273052215576,nu_0.1,
abalone,isf,0.05,0.0001,True,50,50,0.0000,0.0000,0.0000,0.6549,0.3128,0.4234,0.6549,0.3128,0.4234,2.906486988067627,1.9777860641479492,4.884273052215576,nu_0.1,
abalone,isf,0.1,0.0001,True,50,50,0.0000,0.0000,0.0000,0.6549,0.3128,0.4234,0.6549,0.3128,0.4234,2.906486988067627,1.9777860641479492,4.884273052215576,nu_0.1,
abalone,isf,0,0.0001,True,50,10,0.4619,0.4541,0.4580,0.5035,0.9274,0.6527,0.5010,0.9553,0.6573,2.8980050086975098,443.49464678764343,446.39265179634094,nu_0.5,
abalone,isf,0.01,0.0001,True,50,10,0.5268,0.3071,0.3880,0.5035,0.9274,0.6527,0.5020,0.9505,0.6570,2.8980050086975098,443.49464678764343,446.39265179634094,nu_0.5,
abalone,isf,0.05,0.0001,True,50,10,0.0000,0.0000,0.0000,0.5035,0.9274,0.6527,0.5035,0.9274,0.6527,2.8980050086975098,443.49464678764343,446.39265179634094,nu_0.5,
abalone,isf,0.1,0.0001,True,50,10,0.0000,0.0000,0.0000,0.5035,0.9274,0.6527,0.5035,0.9274,0.6527,2.8980050086975098,443.49464678764343,446.39265179634094,nu_0.5,
abalone,isf,0,0.0001,True,50,50,0.0000,0.0000,0.0000,0.5035,0.9274,0.6527,0.5035,0.9274,0.6527,2.8980050086975098,1.9853532314300537,4.8833582401275635,nu_0.5,
abalone,isf,0.01,0.0001,True,50,50,0.0000,0.0000,0.0000,0.5035,0.9274,0.6527,0.5035,0.9274,0.6527,2.8980050086975098,1.9853532314300537,4.8833582401275635,nu_0.5,
abalone,isf,0.05,0.0001,True,50,50,0.0000,0.0000,0.0000,0.5035,0.9274,0.6527,0.5035,0.9274,0.6527,2.8980050086975098,1.9853532314300537,4.8833582401275635,nu_0.5,
abalone,isf,0.1,0.0001,True,50,50,0.0000,0.0000,0.0000,0.5035,0.9274,0.6527,0.5035,0.9274,0.6527,2.8980050086975098,1.9853532314300537,4.8833582401275635,nu_0.5,
abalone,isf,0,0.0001,True,100,10,0.4274,0.1273,0.1962,0.6512,0.3032,0.4138,0.5738,0.3772,0.4552,2.835909366607666,457.79781913757324,460.6337285041809,nu_0.1,
abalone,isf,0.01,0.0001,True,100,10,0.5142,0.0956,0.1613,0.6512,0.3032,0.4138,0.5989,0.3623,0.4515,2.835909366607666,457.79781913757324,460.6337285041809,nu_0.1,
abalone,isf,0.05,0.0001,True,100,10,1.0000,0.0005,0.0010,0.6512,0.3032,0.4138,0.6512,0.3032,0.4138,2.835909366607666,457.79781913757324,460.6337285041809,nu_0.1,
abalone,isf,0.1,0.0001,True,100,10,0.0000,0.0000,0.0000,0.6512,0.3032,0.4138,0.6512,0.3032,0.4138,2.835909366607666,457.79781913757324,460.6337285041809,nu_0.1,
abalone,isf,0,0.0001,True,100,50,0.4274,0.1273,0.1962,0.6512,0.3032,0.4138,0.5739,0.3767,0.4549,2.835909366607666,458.48625588417053,461.3221652507782,nu_0.1,
abalone,isf,0.01,0.0001,True,100,50,0.5103,0.0951,0.1604,0.6512,0.3032,0.4138,0.5979,0.3623,0.4512,2.835909366607666,458.48625588417053,461.3221652507782,nu_0.1,
abalone,isf,0.05,0.0001,True,100,50,1.0000,0.0005,0.0010,0.6512,0.3032,0.4138,0.6512,0.3032,0.4138,2.835909366607666,458.48625588417053,461.3221652507782,nu_0.1,
abalone,isf,0.1,0.0001,True,100,50,0.0000,0.0000,0.0000,0.6512,0.3032,0.4138,0.6512,0.3032,0.4138,2.835909366607666,458.48625588417053,461.3221652507782,nu_0.1,
abalone,isf,0,0.0001,True,100,10,0.4753,0.6439,0.5469,0.5112,0.9015,0.6524,0.5040,0.9644,0.6620,2.9115610122680664,456.9383385181427,459.84989953041077,nu_0.5,
abalone,isf,0.01,0.0001,True,100,10,0.5065,0.4882,0.4972,0.5112,0.9015,0.6524,0.5060,0.9534,0.6611,2.9115610122680664,456.9383385181427,459.84989953041077,nu_0.5,
abalone,isf,0.05,0.0001,True,100,10,1.0000,0.0005,0.0010,0.5112,0.9015,0.6524,0.5112,0.9015,0.6524,2.9115610122680664,456.9383385181427,459.84989953041077,nu_0.5,
abalone,isf,0.1,0.0001,True,100,10,0.0000,0.0000,0.0000,0.5112,0.9015,0.6524,0.5112,0.9015,0.6524,2.9115610122680664,456.9383385181427,459.84989953041077,nu_0.5,
abalone,isf,0,0.0001,True,100,50,0.4739,0.6487,0.5477,0.5112,0.9015,0.6524,0.5040,0.9635,0.6618,2.9115610122680664,458.54439210891724,461.4559531211853,nu_0.5,
abalone,isf,0.01,0.0001,True,100,50,0.5053,0.4839,0.4944,0.5112,0.9015,0.6524,0.5060,0.9534,0.6611,2.9115610122680664,458.54439210891724,461.4559531211853,nu_0.5,
abalone,isf,0.05,0.0001,True,100,50,1.0000,0.0005,0.0010,0.5112,0.9015,0.6524,0.5112,0.9015,0.6524,2.9115610122680664,458.54439210891724,461.4559531211853,nu_0.5,
abalone,isf,0.1,0.0001,True,100,50,0.0000,0.0000,0.0000,0.5112,0.9015,0.6524,0.5112,0.9015,0.6524,2.9115610122680664,458.54439210891724,461.4559531211853,nu_0.5,
abalone,isf,0,0.0001,True,300,10,0.4200,0.2259,0.2937,0.5949,0.2696,0.3710,0.5113,0.4243,0.4638,2.8151190280914307,522.271723985672,525.0868430137634,nu_0.1,
abalone,isf,0.01,0.0001,True,300,10,0.4765,0.1706,0.2512,0.5949,0.2696,0.3710,0.5311,0.3820,0.4444,2.8151190280914307,522.271723985672,525.0868430137634,nu_0.1,
abalone,isf,0.05,0.0001,True,300,10,0.5528,0.0428,0.0794,0.5949,0.2696,0.3710,0.5778,0.2979,0.3932,2.8151190280914307,522.271723985672,525.0868430137634,nu_0.1,
abalone,isf,0.1,0.0001,True,300,10,0.0000,0.0000,0.0000,0.5949,0.2696,0.3710,0.5949,0.2696,0.3710,2.8151190280914307,522.271723985672,525.0868430137634,nu_0.1,
abalone,isf,0,0.0001,True,300,50,0.4211,0.2283,0.2960,0.5949,0.2696,0.3710,0.5101,0.4248,0.4636,2.8151190280914307,524.7501335144043,527.5652525424957,nu_0.1,
abalone,isf,0.01,0.0001,True,300,50,0.4700,0.1691,0.2488,0.5949,0.2696,0.3710,0.5289,0.3825,0.4439,2.8151190280914307,524.7501335144043,527.5652525424957,nu_0.1,
abalone,isf,0.05,0.0001,True,300,50,0.5583,0.0437,0.0811,0.5949,0.2696,0.3710,0.5786,0.2989,0.3942,2.8151190280914307,524.7501335144043,527.5652525424957,nu_0.1,
abalone,isf,0.1,0.0001,True,300,50,0.0000,0.0000,0.0000,0.5949,0.2696,0.3710,0.5949,0.2696,0.3710,2.8151190280914307,524.7501335144043,527.5652525424957,nu_0.1,
abalone,isf,0,0.0001,True,300,10,0.4776,0.8640,0.6151,0.5032,0.9025,0.6461,0.4988,0.9841,0.6620,2.879301071166992,524.6941502094269,527.5734512805939,nu_0.5,
abalone,isf,0.01,0.0001,True,300,10,0.4742,0.7328,0.5758,0.5032,0.9025,0.6461,0.5004,0.9721,0.6607,2.879301071166992,524.6941502094269,527.5734512805939,nu_0.5,
abalone,isf,0.05,0.0001,True,300,10,0.5439,0.2859,0.3748,0.5032,0.9025,0.6461,0.5057,0.9351,0.6564,2.879301071166992,524.6941502094269,527.5734512805939,nu_0.5,
abalone,isf,0.1,0.0001,True,300,10,0.0000,0.0000,0.0000,0.5032,0.9025,0.6461,0.5032,0.9025,0.6461,2.879301071166992,524.6941502094269,527.5734512805939,nu_0.5,
abalone,isf,0,0.0001,True,300,50,0.4793,0.8635,0.6165,0.5032,0.9025,0.6461,0.4994,0.9827,0.6622,2.879301071166992,523.7886514663696,526.6679525375366,nu_0.5,
abalone,isf,0.01,0.0001,True,300,50,0.4751,0.7439,0.5799,0.5032,0.9025,0.6461,0.4996,0.9721,0.6600,2.879301071166992,523.7886514663696,526.6679525375366,nu_0.5,
abalone,isf,0.05,0.0001,True,300,50,0.5429,0.2859,0.3746,0.5032,0.9025,0.6461,0.5056,0.9351,0.6563,2.879301071166992,523.7886514663696,526.6679525375366,nu_0.5,
abalone,isf,0.1,0.0001,True,300,50,0.0000,0.0000,0.0000,0.5032,0.9025,0.6461,0.5032,0.9025,0.6461,2.879301071166992,523.7886514663696,526.6679525375366,nu_0.5,
abalone,isf,0,0.0001,False,300,10,0.4896,0.1129,0.1835,0.6568,0.3099,0.4212,0.5886,0.3815,0.4630,2.9402718544006348,425.90202379226685,428.8422956466675,nu_0.1,
abalone,isf,0.01,0.0001,False,300,10,0.5686,0.0697,0.1241,0.6568,0.3099,0.4212,0.6277,0.3614,0.4587,2.9402718544006348,425.90202379226685,428.8422956466675,nu_0.1,
