dataname,method,t,tol,knn,size_neighbor,min_neighbor,s_p,s_r,s_f1,o_p,o_r,o_f1,c_p,c_r,c_f1,overall_runtime,structured_runtime,combined_runtime,param,high_dim
yeast,ocsvm,0,1e-06,False,10,10,0.0000,0.0000,0.0000,0.3416,1.0000,0.5093,0.3416,1.0000,0.5093,2.4155120849609375,5.898040533065796,8.313552618026733,nu_0.1,False,
yeast,ocsvm,0.01,1e-06,False,10,10,0.0000,0.0000,0.0000,0.3416,1.0000,0.5093,0.3416,1.0000,0.5093,2.4155120849609375,5.898040533065796,8.313552618026733,nu_0.1,False,
yeast,ocsvm,0.05,1e-06,False,10,10,0.0000,0.0000,0.0000,0.3416,1.0000,0.5093,0.3416,1.0000,0.5093,2.4155120849609375,5.898040533065796,8.313552618026733,nu_0.1,False,
yeast,ocsvm,0.1,1e-06,False,10,10,0.0000,0.0000,0.0000,0.3416,1.0000,0.5093,0.3416,1.0000,0.5093,2.4155120849609375,5.898040533065796,8.313552618026733,nu_0.1,False,
yeast,ocsvm,0,1e-06,False,10,50,0.0000,0.0000,0.0000,0.3416,1.0000,0.5093,0.3416,1.0000,0.5093,2.4155120849609375,5.517781734466553,7.93329381942749,nu_0.1,False,
yeast,ocsvm,0.01,1e-06,False,10,50,0.0000,0.0000,0.0000,0.3416,1.0000,0.5093,0.3416,1.0000,0.5093,2.4155120849609375,5.517781734466553,7.93329381942749,nu_0.1,False,
yeast,ocsvm,0.05,1e-06,False,10,50,0.0000,0.0000,0.0000,0.3416,1.0000,0.5093,0.3416,1.0000,0.5093,2.4155120849609375,5.517781734466553,7.93329381942749,nu_0.1,False,
yeast,ocsvm,0.1,1e-06,False,10,50,0.0000,0.0000,0.0000,0.3416,1.0000,0.5093,0.3416,1.0000,0.5093,2.4155120849609375,5.517781734466553,7.93329381942749,nu_0.1,False,
yeast,ocsvm,0,1e-06,False,10,10,0.0000,0.0000,0.0000,0.3416,1.0000,0.5093,0.3416,1.0000,0.5093,11.469090938568115,5.467645883560181,16.936736822128296,nu_0.5,False,
yeast,ocsvm,0.01,1e-06,False,10,10,0.0000,0.0000,0.0000,0.3416,1.0000,0.5093,0.3416,1.0000,0.5093,11.469090938568115,5.467645883560181,16.936736822128296,nu_0.5,False,
yeast,ocsvm,0.05,1e-06,False,10,10,0.0000,0.0000,0.0000,0.3416,1.0000,0.5093,0.3416,1.0000,0.5093,11.469090938568115,5.467645883560181,16.936736822128296,nu_0.5,False,
yeast,ocsvm,0.1,1e-06,False,10,10,0.0000,0.0000,0.0000,0.3416,1.0000,0.5093,0.3416,1.0000,0.5093,11.469090938568115,5.467645883560181,16.936736822128296,nu_0.5,False,
yeast,ocsvm,0,1e-06,False,10,50,0.0000,0.0000,0.0000,0.3416,1.0000,0.5093,0.3416,1.0000,0.5093,11.469090938568115,5.483257293701172,16.952348232269287,nu_0.5,False,
yeast,ocsvm,0.01,1e-06,False,10,50,0.0000,0.0000,0.0000,0.3416,1.0000,0.5093,0.3416,1.0000,0.5093,11.469090938568115,5.483257293701172,16.952348232269287,nu_0.5,False,
yeast,ocsvm,0.05,1e-06,False,10,50,0.0000,0.0000,0.0000,0.3416,1.0000,0.5093,0.3416,1.0000,0.5093,11.469090938568115,5.483257293701172,16.952348232269287,nu_0.5,False,
yeast,ocsvm,0.1,1e-06,False,10,50,0.0000,0.0000,0.0000,0.3416,1.0000,0.5093,0.3416,1.0000,0.5093,11.469090938568115,5.483257293701172,16.952348232269287,nu_0.5,False,
yeast,ocsvm,0,0.0001,True,3,10,0.0000,0.0000,0.0000,0.3416,1.0000,0.5093,0.3416,1.0000,0.5093,2.39693546295166,10.04536247253418,12.44229793548584,nu_0.1,False,
yeast,ocsvm,0.01,0.0001,True,3,10,0.0000,0.0000,0.0000,0.3416,1.0000,0.5093,0.3416,1.0000,0.5093,2.39693546295166,10.04536247253418,12.44229793548584,nu_0.1,False,
yeast,ocsvm,0.05,0.0001,True,3,10,0.0000,0.0000,0.0000,0.3416,1.0000,0.5093,0.3416,1.0000,0.5093,2.39693546295166,10.04536247253418,12.44229793548584,nu_0.1,False,
yeast,ocsvm,0.1,0.0001,True,3,10,0.0000,0.0000,0.0000,0.3416,1.0000,0.5093,0.3416,1.0000,0.5093,2.39693546295166,10.04536247253418,12.44229793548584,nu_0.1,False,
yeast,ocsvm,0,0.0001,True,3,50,0.0000,0.0000,0.0000,0.3416,1.0000,0.5093,0.3416,1.0000,0.5093,2.39693546295166,4.415692090988159,6.812627553939819,nu_0.1,False,
yeast,ocsvm,0.01,0.0001,True,3,50,0.0000,0.0000,0.0000,0.3416,1.0000,0.5093,0.3416,1.0000,0.5093,2.39693546295166,4.415692090988159,6.812627553939819,nu_0.1,False,
yeast,ocsvm,0.05,0.0001,True,3,50,0.0000,0.0000,0.0000,0.3416,1.0000,0.5093,0.3416,1.0000,0.5093,2.39693546295166,4.415692090988159,6.812627553939819,nu_0.1,False,
yeast,ocsvm,0.1,0.0001,True,3,50,0.0000,0.0000,0.0000,0.3416,1.0000,0.5093,0.3416,1.0000,0.5093,2.39693546295166,4.415692090988159,6.812627553939819,nu_0.1,False,
yeast,ocsvm,0,0.0001,True,3,10,0.0000,0.0000,0.0000,0.3416,1.0000,0.5093,0.3416,1.0000,0.5093,11.462036848068237,4.375696659088135,15.837733507156372,nu_0.5,False,
yeast,ocsvm,0.01,0.0001,True,3,10,0.0000,0.0000,0.0000,0.3416,1.0000,0.5093,0.3416,1.0000,0.5093,11.462036848068237,4.375696659088135,15.837733507156372,nu_0.5,False,
yeast,ocsvm,0.05,0.0001,True,3,10,0.0000,0.0000,0.0000,0.3416,1.0000,0.5093,0.3416,1.0000,0.5093,11.462036848068237,4.375696659088135,15.837733507156372,nu_0.5,False,
yeast,ocsvm,0.1,0.0001,True,3,10,0.0000,0.0000,0.0000,0.3416,1.0000,0.5093,0.3416,1.0000,0.5093,11.462036848068237,4.375696659088135,15.837733507156372,nu_0.5,False,
yeast,ocsvm,0,0.0001,True,3,50,0.0000,0.0000,0.0000,0.3416,1.0000,0.5093,0.3416,1.0000,0.5093,11.462036848068237,4.4159996509552,15.878036499023438,nu_0.5,False,
yeast,ocsvm,0.01,0.0001,True,3,50,0.0000,0.0000,0.0000,0.3416,1.0000,0.5093,0.3416,1.0000,0.5093,11.462036848068237,4.4159996509552,15.878036499023438,nu_0.5,False,
yeast,ocsvm,0.05,0.0001,True,3,50,0.0000,0.0000,0.0000,0.3416,1.0000,0.5093,0.3416,1.0000,0.5093,11.462036848068237,4.4159996509552,15.878036499023438,nu_0.5,False,
yeast,ocsvm,0.1,0.0001,True,3,50,0.0000,0.0000,0.0000,0.3416,1.0000,0.5093,0.3416,1.0000,0.5093,11.462036848068237,4.4159996509552,15.878036499023438,nu_0.5,False,
yeast,ocsvm,0,0.0001,True,5,10,0.0000,0.0000,0.0000,0.3416,1.0000,0.5093,0.3416,1.0000,0.5093,2.3585572242736816,10.016784191131592,12.375341415405273,nu_0.1,False,
yeast,ocsvm,0.01,0.0001,True,5,10,0.0000,0.0000,0.0000,0.3416,1.0000,0.5093,0.3416,1.0000,0.5093,2.3585572242736816,10.016784191131592,12.375341415405273,nu_0.1,False,
yeast,ocsvm,0.05,0.0001,True,5,10,0.0000,0.0000,0.0000,0.3416,1.0000,0.5093,0.3416,1.0000,0.5093,2.3585572242736816,10.016784191131592,12.375341415405273,nu_0.1,False,
yeast,ocsvm,0.1,0.0001,True,5,10,0.0000,0.0000,0.0000,0.3416,1.0000,0.5093,0.3416,1.0000,0.5093,2.3585572242736816,10.016784191131592,12.375341415405273,nu_0.1,False,
yeast,ocsvm,0,0.0001,True,5,50,0.0000,0.0000,0.0000,0.3416,1.0000,0.5093,0.3416,1.0000,0.5093,2.3585572242736816,4.374284744262695,6.732841968536377,nu_0.1,False,
yeast,ocsvm,0.01,0.0001,True,5,50,0.0000,0.0000,0.0000,0.3416,1.0000,0.5093,0.3416,1.0000,0.5093,2.3585572242736816,4.374284744262695,6.732841968536377,nu_0.1,False,
yeast,ocsvm,0.05,0.0001,True,5,50,0.0000,0.0000,0.0000,0.3416,1.0000,0.5093,0.3416,1.0000,0.5093,2.3585572242736816,4.374284744262695,6.732841968536377,nu_0.1,False,
yeast,ocsvm,0.1,0.0001,True,5,50,0.0000,0.0000,0.0000,0.3416,1.0000,0.5093,0.3416,1.0000,0.5093,2.3585572242736816,4.374284744262695,6.732841968536377,nu_0.1,False,
yeast,ocsvm,0,0.0001,True,5,10,0.0000,0.0000,0.0000,0.3416,1.0000,0.5093,0.3416,1.0000,0.5093,11.438315868377686,4.4332709312438965,15.871586799621582,nu_0.5,False,
yeast,ocsvm,0.01,0.0001,True,5,10,0.0000,0.0000,0.0000,0.3416,1.0000,0.5093,0.3416,1.0000,0.5093,11.438315868377686,4.4332709312438965,15.871586799621582,nu_0.5,False,
yeast,ocsvm,0.05,0.0001,True,5,10,0.0000,0.0000,0.0000,0.3416,1.0000,0.5093,0.3416,1.0000,0.5093,11.438315868377686,4.4332709312438965,15.871586799621582,nu_0.5,False,
yeast,ocsvm,0.1,0.0001,True,5,10,0.0000,0.0000,0.0000,0.3416,1.0000,0.5093,0.3416,1.0000,0.5093,11.438315868377686,4.4332709312438965,15.871586799621582,nu_0.5,False,
yeast,ocsvm,0,0.0001,True,5,50,0.0000,0.0000,0.0000,0.3416,1.0000,0.5093,0.3416,1.0000,0.5093,11.438315868377686,4.41261625289917,15.850932121276855,nu_0.5,False,
yeast,ocsvm,0.01,0.0001,True,5,50,0.0000,0.0000,0.0000,0.3416,1.0000,0.5093,0.3416,1.0000,0.5093,11.438315868377686,4.41261625289917,15.850932121276855,nu_0.5,False,
yeast,ocsvm,0.05,0.0001,True,5,50,0.0000,0.0000,0.0000,0.3416,1.0000,0.5093,0.3416,1.0000,0.5093,11.438315868377686,4.41261625289917,15.850932121276855,nu_0.5,False,
yeast,ocsvm,0.1,0.0001,True,5,50,0.0000,0.0000,0.0000,0.3416,1.0000,0.5093,0.3416,1.0000,0.5093,11.438315868377686,4.41261625289917,15.850932121276855,nu_0.5,False,
yeast,ocsvm,0,0.0001,True,10,10,0.0000,0.0000,0.0000,0.3416,1.0000,0.5093,0.3416,1.0000,0.5093,2.3663318157196045,10.090294599533081,12.456626415252686,nu_0.1,False,
yeast,ocsvm,0.01,0.0001,True,10,10,0.0000,0.0000,0.0000,0.3416,1.0000,0.5093,0.3416,1.0000,0.5093,2.3663318157196045,10.090294599533081,12.456626415252686,nu_0.1,False,
yeast,ocsvm,0.05,0.0001,True,10,10,0.0000,0.0000,0.0000,0.3416,1.0000,0.5093,0.3416,1.0000,0.5093,2.3663318157196045,10.090294599533081,12.456626415252686,nu_0.1,False,
yeast,ocsvm,0.1,0.0001,True,10,10,0.0000,0.0000,0.0000,0.3416,1.0000,0.5093,0.3416,1.0000,0.5093,2.3663318157196045,10.090294599533081,12.456626415252686,nu_0.1,False,
yeast,ocsvm,0,0.0001,True,10,50,0.0000,0.0000,0.0000,0.3416,1.0000,0.5093,0.3416,1.0000,0.5093,2.3663318157196045,4.447138071060181,6.813469886779785,nu_0.1,False,
yeast,ocsvm,0.01,0.0001,True,10,50,0.0000,0.0000,0.0000,0.3416,1.0000,0.5093,0.3416,1.0000,0.5093,2.3663318157196045,4.447138071060181,6.813469886779785,nu_0.1,False,
yeast,ocsvm,0.05,0.0001,True,10,50,0.0000,0.0000,0.0000,0.3416,1.0000,0.5093,0.3416,1.0000,0.5093,2.3663318157196045,4.447138071060181,6.813469886779785,nu_0.1,False,
yeast,ocsvm,0.1,0.0001,True,10,50,0.0000,0.0000,0.0000,0.3416,1.0000,0.5093,0.3416,1.0000,0.5093,2.3663318157196045,4.447138071060181,6.813469886779785,nu_0.1,False,
yeast,ocsvm,0,0.0001,True,10,10,0.0000,0.0000,0.0000,0.3416,1.0000,0.5093,0.3416,1.0000,0.5093,11.476496458053589,4.436680316925049,15.913176774978638,nu_0.5,False,
yeast,ocsvm,0.01,0.0001,True,10,10,0.0000,0.0000,0.0000,0.3416,1.0000,0.5093,0.3416,1.0000,0.5093,11.476496458053589,4.436680316925049,15.913176774978638,nu_0.5,False,
yeast,ocsvm,0.05,0.0001,True,10,10,0.0000,0.0000,0.0000,0.3416,1.0000,0.5093,0.3416,1.0000,0.5093,11.476496458053589,4.436680316925049,15.913176774978638,nu_0.5,False,
yeast,ocsvm,0.1,0.0001,True,10,10,0.0000,0.0000,0.0000,0.3416,1.0000,0.5093,0.3416,1.0000,0.5093,11.476496458053589,4.436680316925049,15.913176774978638,nu_0.5,False,
yeast,ocsvm,0,0.0001,True,10,50,0.0000,0.0000,0.0000,0.3416,1.0000,0.5093,0.3416,1.0000,0.5093,11.476496458053589,4.429080963134766,15.905577421188354,nu_0.5,False,
yeast,ocsvm,0.01,0.0001,True,10,50,0.0000,0.0000,0.0000,0.3416,1.0000,0.5093,0.3416,1.0000,0.5093,11.476496458053589,4.429080963134766,15.905577421188354,nu_0.5,False,
yeast,ocsvm,0.05,0.0001,True,10,50,0.0000,0.0000,0.0000,0.3416,1.0000,0.5093,0.3416,1.0000,0.5093,11.476496458053589,4.429080963134766,15.905577421188354,nu_0.5,False,
yeast,ocsvm,0.1,0.0001,True,10,50,0.0000,0.0000,0.0000,0.3416,1.0000,0.5093,0.3416,1.0000,0.5093,11.476496458053589,4.429080963134766,15.905577421188354,nu_0.5,False,
yeast,ocsvm,0,0.0001,False,10,10,0.0000,0.0000,0.0000,0.3416,1.0000,0.5093,0.3416,1.0000,0.5093,2.3610785007476807,5.804575443267822,8.165653944015503,nu_0.1,False,
yeast,ocsvm,0.01,0.0001,False,10,10,0.0000,0.0000,0.0000,0.3416,1.0000,0.5093,0.3416,1.0000,0.5093,2.3610785007476807,5.804575443267822,8.165653944015503,nu_0.1,False,
yeast,ocsvm,0.05,0.0001,False,10,10,0.0000,0.0000,0.0000,0.3416,1.0000,0.5093,0.3416,1.0000,0.5093,2.3610785007476807,5.804575443267822,8.165653944015503,nu_0.1,False,
yeast,ocsvm,0.1,0.0001,False,10,10,0.0000,0.0000,0.0000,0.3416,1.0000,0.5093,0.3416,1.0000,0.5093,2.3610785007476807,5.804575443267822,8.165653944015503,nu_0.1,False,
yeast,ocsvm,0,0.0001,False,10,50,0.0000,0.0000,0.0000,0.3416,1.0000,0.5093,0.3416,1.0000,0.5093,2.3610785007476807,5.443395614624023,7.804474115371704,nu_0.1,False,
yeast,ocsvm,0.01,0.0001,False,10,50,0.0000,0.0000,0.0000,0.3416,1.0000,0.5093,0.3416,1.0000,0.5093,2.3610785007476807,5.443395614624023,7.804474115371704,nu_0.1,False,
yeast,ocsvm,0.05,0.0001,False,10,50,0.0000,0.0000,0.0000,0.3416,1.0000,0.5093,0.3416,1.0000,0.5093,2.3610785007476807,5.443395614624023,7.804474115371704,nu_0.1,False,
yeast,ocsvm,0.1,0.0001,False,10,50,0.0000,0.0000,0.0000,0.3416,1.0000,0.5093,0.3416,1.0000,0.5093,2.3610785007476807,5.443395614624023,7.804474115371704,nu_0.1,False,
yeast,ocsvm,0,0.0001,False,10,10,0.0000,0.0000,0.0000,0.3416,1.0000,0.5093,0.3416,1.0000,0.5093,11.44859004020691,5.480978488922119,16.92956852912903,nu_0.5,False,
yeast,ocsvm,0.01,0.0001,False,10,10,0.0000,0.0000,0.0000,0.3416,1.0000,0.5093,0.3416,1.0000,0.5093,11.44859004020691,5.480978488922119,16.92956852912903,nu_0.5,False,
yeast,ocsvm,0.05,0.0001,False,10,10,0.0000,0.0000,0.0000,0.3416,1.0000,0.5093,0.3416,1.0000,0.5093,11.44859004020691,5.480978488922119,16.92956852912903,nu_0.5,False,
yeast,ocsvm,0.1,0.0001,False,10,10,0.0000,0.0000,0.0000,0.3416,1.0000,0.5093,0.3416,1.0000,0.5093,11.44859004020691,5.480978488922119,16.92956852912903,nu_0.5,False,
yeast,ocsvm,0,0.0001,False,10,50,0.0000,0.0000,0.0000,0.3416,1.0000,0.5093,0.3416,1.0000,0.5093,11.44859004020691,5.4077308177948,16.85632085800171,nu_0.5,False,
yeast,ocsvm,0.01,0.0001,False,10,50,0.0000,0.0000,0.0000,0.3416,1.0000,0.5093,0.3416,1.0000,0.5093,11.44859004020691,5.4077308177948,16.85632085800171,nu_0.5,False,
yeast,ocsvm,0.05,0.0001,False,10,50,0.0000,0.0000,0.0000,0.3416,1.0000,0.5093,0.3416,1.0000,0.5093,11.44859004020691,5.4077308177948,16.85632085800171,nu_0.5,False,
yeast,ocsvm,0.1,0.0001,False,10,50,0.0000,0.0000,0.0000,0.3416,1.0000,0.5093,0.3416,1.0000,0.5093,11.44859004020691,5.4077308177948,16.85632085800171,nu_0.5,False,
yeast,ocsvm,0,0.01,True,3,10,0.0000,0.0000,0.0000,0.3416,1.0000,0.5093,0.3416,1.0000,0.5093,2.3695945739746094,9.964579343795776,12.334173917770386,nu_0.1,False,
yeast,ocsvm,0.01,0.01,True,3,10,0.0000,0.0000,0.0000,0.3416,1.0000,0.5093,0.3416,1.0000,0.5093,2.3695945739746094,9.964579343795776,12.334173917770386,nu_0.1,False,
yeast,ocsvm,0.05,0.01,True,3,10,0.0000,0.0000,0.0000,0.3416,1.0000,0.5093,0.3416,1.0000,0.5093,2.3695945739746094,9.964579343795776,12.334173917770386,nu_0.1,False,
yeast,ocsvm,0.1,0.01,True,3,10,0.0000,0.0000,0.0000,0.3416,1.0000,0.5093,0.3416,1.0000,0.5093,2.3695945739746094,9.964579343795776,12.334173917770386,nu_0.1,False,
yeast,ocsvm,0,0.01,True,3,50,0.0000,0.0000,0.0000,0.3416,1.0000,0.5093,0.3416,1.0000,0.5093,2.3695945739746094,4.3213677406311035,6.690962314605713,nu_0.1,False,
yeast,ocsvm,0.01,0.01,True,3,50,0.0000,0.0000,0.0000,0.3416,1.0000,0.5093,0.3416,1.0000,0.5093,2.3695945739746094,4.3213677406311035,6.690962314605713,nu_0.1,False,
yeast,ocsvm,0.05,0.01,True,3,50,0.0000,0.0000,0.0000,0.3416,1.0000,0.5093,0.3416,1.0000,0.5093,2.3695945739746094,4.3213677406311035,6.690962314605713,nu_0.1,False,
yeast,ocsvm,0.1,0.01,True,3,50,0.0000,0.0000,0.0000,0.3416,1.0000,0.5093,0.3416,1.0000,0.5093,2.3695945739746094,4.3213677406311035,6.690962314605713,nu_0.1,False,
yeast,ocsvm,0,0.01,True,3,10,0.0000,0.0000,0.0000,0.3416,1.0000,0.5093,0.3416,1.0000,0.5093,11.438669919967651,4.28577733039856,15.724447250366211,nu_0.5,False,
yeast,ocsvm,0.01,0.01,True,3,10,0.0000,0.0000,0.0000,0.3416,1.0000,0.5093,0.3416,1.0000,0.5093,11.438669919967651,4.28577733039856,15.724447250366211,nu_0.5,False,
yeast,ocsvm,0.05,0.01,True,3,10,0.0000,0.0000,0.0000,0.3416,1.0000,0.5093,0.3416,1.0000,0.5093,11.438669919967651,4.28577733039856,15.724447250366211,nu_0.5,False,
yeast,ocsvm,0.1,0.01,True,3,10,0.0000,0.0000,0.0000,0.3416,1.0000,0.5093,0.3416,1.0000,0.5093,11.438669919967651,4.28577733039856,15.724447250366211,nu_0.5,False,
yeast,ocsvm,0,0.01,True,3,50,0.0000,0.0000,0.0000,0.3416,1.0000,0.5093,0.3416,1.0000,0.5093,11.438669919967651,4.325692176818848,15.764362096786499,nu_0.5,False,
yeast,ocsvm,0.01,0.01,True,3,50,0.0000,0.0000,0.0000,0.3416,1.0000,0.5093,0.3416,1.0000,0.5093,11.438669919967651,4.325692176818848,15.764362096786499,nu_0.5,False,
yeast,ocsvm,0.05,0.01,True,3,50,0.0000,0.0000,0.0000,0.3416,1.0000,0.5093,0.3416,1.0000,0.5093,11.438669919967651,4.325692176818848,15.764362096786499,nu_0.5,False,
yeast,ocsvm,0.1,0.01,True,3,50,0.0000,0.0000,0.0000,0.3416,1.0000,0.5093,0.3416,1.0000,0.5093,11.438669919967651,4.325692176818848,15.764362096786499,nu_0.5,False,
yeast,ocsvm,0,0.01,True,5,10,0.0000,0.0000,0.0000,0.3416,1.0000,0.5093,0.3416,1.0000,0.5093,2.3737375736236572,10.017701625823975,12.391439199447632,nu_0.1,False,
yeast,ocsvm,0.01,0.01,True,5,10,0.0000,0.0000,0.0000,0.3416,1.0000,0.5093,0.3416,1.0000,0.5093,2.3737375736236572,10.017701625823975,12.391439199447632,nu_0.1,False,
yeast,ocsvm,0.05,0.01,True,5,10,0.0000,0.0000,0.0000,0.3416,1.0000,0.5093,0.3416,1.0000,0.5093,2.3737375736236572,10.017701625823975,12.391439199447632,nu_0.1,False,
yeast,ocsvm,0.1,0.01,True,5,10,0.0000,0.0000,0.0000,0.3416,1.0000,0.5093,0.3416,1.0000,0.5093,2.3737375736236572,10.017701625823975,12.391439199447632,nu_0.1,False,
yeast,ocsvm,0,0.01,True,5,50,0.0000,0.0000,0.0000,0.3416,1.0000,0.5093,0.3416,1.0000,0.5093,2.3737375736236572,4.364340305328369,6.738077878952026,nu_0.1,False,
yeast,ocsvm,0.01,0.01,True,5,50,0.0000,0.0000,0.0000,0.3416,1.0000,0.5093,0.3416,1.0000,0.5093,2.3737375736236572,4.364340305328369,6.738077878952026,nu_0.1,False,
yeast,ocsvm,0.05,0.01,True,5,50,0.0000,0.0000,0.0000,0.3416,1.0000,0.5093,0.3416,1.0000,0.5093,2.3737375736236572,4.364340305328369,6.738077878952026,nu_0.1,False,
yeast,ocsvm,0.1,0.01,True,5,50,0.0000,0.0000,0.0000,0.3416,1.0000,0.5093,0.3416,1.0000,0.5093,2.3737375736236572,4.364340305328369,6.738077878952026,nu_0.1,False,
yeast,ocsvm,0,0.01,True,5,10,0.0000,0.0000,0.0000,0.3416,1.0000,0.5093,0.3416,1.0000,0.5093,11.446305513381958,4.346422910690308,15.792728424072266,nu_0.5,False,
yeast,ocsvm,0.01,0.01,True,5,10,0.0000,0.0000,0.0000,0.3416,1.0000,0.5093,0.3416,1.0000,0.5093,11.446305513381958,4.346422910690308,15.792728424072266,nu_0.5,False,
yeast,ocsvm,0.05,0.01,True,5,10,0.0000,0.0000,0.0000,0.3416,1.0000,0.5093,0.3416,1.0000,0.5093,11.446305513381958,4.346422910690308,15.792728424072266,nu_0.5,False,
yeast,ocsvm,0.1,0.01,True,5,10,0.0000,0.0000,0.0000,0.3416,1.0000,0.5093,0.3416,1.0000,0.5093,11.446305513381958,4.346422910690308,15.792728424072266,nu_0.5,False,
yeast,ocsvm,0,0.01,True,5,50,0.0000,0.0000,0.0000,0.3416,1.0000,0.5093,0.3416,1.0000,0.5093,11.446305513381958,4.357914924621582,15.80422043800354,nu_0.5,False,
yeast,ocsvm,0.01,0.01,True,5,50,0.0000,0.0000,0.0000,0.3416,1.0000,0.5093,0.3416,1.0000,0.5093,11.446305513381958,4.357914924621582,15.80422043800354,nu_0.5,False,
yeast,ocsvm,0.05,0.01,True,5,50,0.0000,0.0000,0.0000,0.3416,1.0000,0.5093,0.3416,1.0000,0.5093,11.446305513381958,4.357914924621582,15.80422043800354,nu_0.5,False,
yeast,ocsvm,0.1,0.01,True,5,50,0.0000,0.0000,0.0000,0.3416,1.0000,0.5093,0.3416,1.0000,0.5093,11.446305513381958,4.357914924621582,15.80422043800354,nu_0.5,False,
yeast,ocsvm,0,0.01,True,10,10,0.0000,0.0000,0.0000,0.3416,1.0000,0.5093,0.3416,1.0000,0.5093,2.3953864574432373,10.016315221786499,12.411701679229736,nu_0.1,False,
yeast,ocsvm,0.01,0.01,True,10,10,0.0000,0.0000,0.0000,0.3416,1.0000,0.5093,0.3416,1.0000,0.5093,2.3953864574432373,10.016315221786499,12.411701679229736,nu_0.1,False,
yeast,ocsvm,0.05,0.01,True,10,10,0.0000,0.0000,0.0000,0.3416,1.0000,0.5093,0.3416,1.0000,0.5093,2.3953864574432373,10.016315221786499,12.411701679229736,nu_0.1,False,
yeast,ocsvm,0.1,0.01,True,10,10,0.0000,0.0000,0.0000,0.3416,1.0000,0.5093,0.3416,1.0000,0.5093,2.3953864574432373,10.016315221786499,12.411701679229736,nu_0.1,False,
yeast,ocsvm,0,0.01,True,10,50,0.0000,0.0000,0.0000,0.3416,1.0000,0.5093,0.3416,1.0000,0.5093,2.3953864574432373,4.343699216842651,6.739085674285889,nu_0.1,False,
yeast,ocsvm,0.01,0.01,True,10,50,0.0000,0.0000,0.0000,0.3416,1.0000,0.5093,0.3416,1.0000,0.5093,2.3953864574432373,4.343699216842651,6.739085674285889,nu_0.1,False,
yeast,ocsvm,0.05,0.01,True,10,50,0.0000,0.0000,0.0000,0.3416,1.0000,0.5093,0.3416,1.0000,0.5093,2.3953864574432373,4.343699216842651,6.739085674285889,nu_0.1,False,
yeast,ocsvm,0.1,0.01,True,10,50,0.0000,0.0000,0.0000,0.3416,1.0000,0.5093,0.3416,1.0000,0.5093,2.3953864574432373,4.343699216842651,6.739085674285889,nu_0.1,False,
yeast,ocsvm,0,0.01,True,10,10,0.0000,0.0000,0.0000,0.3416,1.0000,0.5093,0.3416,1.0000,0.5093,11.442212104797363,4.367328405380249,15.809540510177612,nu_0.5,False,
yeast,ocsvm,0.01,0.01,True,10,10,0.0000,0.0000,0.0000,0.3416,1.0000,0.5093,0.3416,1.0000,0.5093,11.442212104797363,4.367328405380249,15.809540510177612,nu_0.5,False,
yeast,ocsvm,0.05,0.01,True,10,10,0.0000,0.0000,0.0000,0.3416,1.0000,0.5093,0.3416,1.0000,0.5093,11.442212104797363,4.367328405380249,15.809540510177612,nu_0.5,False,
yeast,ocsvm,0.1,0.01,True,10,10,0.0000,0.0000,0.0000,0.3416,1.0000,0.5093,0.3416,1.0000,0.5093,11.442212104797363,4.367328405380249,15.809540510177612,nu_0.5,False,
yeast,ocsvm,0,0.01,True,10,50,0.0000,0.0000,0.0000,0.3416,1.0000,0.5093,0.3416,1.0000,0.5093,11.442212104797363,4.355265855789185,15.797477960586548,nu_0.5,False,
yeast,ocsvm,0.01,0.01,True,10,50,0.0000,0.0000,0.0000,0.3416,1.0000,0.5093,0.3416,1.0000,0.5093,11.442212104797363,4.355265855789185,15.797477960586548,nu_0.5,False,
yeast,ocsvm,0.05,0.01,True,10,50,0.0000,0.0000,0.0000,0.3416,1.0000,0.5093,0.3416,1.0000,0.5093,11.442212104797363,4.355265855789185,15.797477960586548,nu_0.5,False,
yeast,ocsvm,0.1,0.01,True,10,50,0.0000,0.0000,0.0000,0.3416,1.0000,0.5093,0.3416,1.0000,0.5093,11.442212104797363,4.355265855789185,15.797477960586548,nu_0.5,False,
yeast,ocsvm,0,0.01,False,10,10,0.0000,0.0000,0.0000,0.3416,1.0000,0.5093,0.3416,1.0000,0.5093,2.3684744834899902,5.809057712554932,8.177532196044922,nu_0.1,False,
yeast,ocsvm,0.01,0.01,False,10,10,0.0000,0.0000,0.0000,0.3416,1.0000,0.5093,0.3416,1.0000,0.5093,2.3684744834899902,5.809057712554932,8.177532196044922,nu_0.1,False,
yeast,ocsvm,0.05,0.01,False,10,10,0.0000,0.0000,0.0000,0.3416,1.0000,0.5093,0.3416,1.0000,0.5093,2.3684744834899902,5.809057712554932,8.177532196044922,nu_0.1,False,
yeast,ocsvm,0.1,0.01,False,10,10,0.0000,0.0000,0.0000,0.3416,1.0000,0.5093,0.3416,1.0000,0.5093,2.3684744834899902,5.809057712554932,8.177532196044922,nu_0.1,False,
yeast,ocsvm,0,0.01,False,10,50,0.0000,0.0000,0.0000,0.3416,1.0000,0.5093,0.3416,1.0000,0.5093,2.3684744834899902,5.464928150177002,7.833402633666992,nu_0.1,False,
yeast,ocsvm,0.01,0.01,False,10,50,0.0000,0.0000,0.0000,0.3416,1.0000,0.5093,0.3416,1.0000,0.5093,2.3684744834899902,5.464928150177002,7.833402633666992,nu_0.1,False,
yeast,ocsvm,0.05,0.01,False,10,50,0.0000,0.0000,0.0000,0.3416,1.0000,0.5093,0.3416,1.0000,0.5093,2.3684744834899902,5.464928150177002,7.833402633666992,nu_0.1,False,
yeast,ocsvm,0.1,0.01,False,10,50,0.0000,0.0000,0.0000,0.3416,1.0000,0.5093,0.3416,1.0000,0.5093,2.3684744834899902,5.464928150177002,7.833402633666992,nu_0.1,False,
yeast,ocsvm,0,0.01,False,10,10,0.0000,0.0000,0.0000,0.3416,1.0000,0.5093,0.3416,1.0000,0.5093,11.451337575912476,5.438789129257202,16.890126705169678,nu_0.5,False,
yeast,ocsvm,0.01,0.01,False,10,10,0.0000,0.0000,0.0000,0.3416,1.0000,0.5093,0.3416,1.0000,0.5093,11.451337575912476,5.438789129257202,16.890126705169678,nu_0.5,False,
yeast,ocsvm,0.05,0.01,False,10,10,0.0000,0.0000,0.0000,0.3416,1.0000,0.5093,0.3416,1.0000,0.5093,11.451337575912476,5.438789129257202,16.890126705169678,nu_0.5,False,
yeast,ocsvm,0.1,0.01,False,10,10,0.0000,0.0000,0.0000,0.3416,1.0000,0.5093,0.3416,1.0000,0.5093,11.451337575912476,5.438789129257202,16.890126705169678,nu_0.5,False,
yeast,ocsvm,0,0.01,False,10,50,0.0000,0.0000,0.0000,0.3416,1.0000,0.5093,0.3416,1.0000,0.5093,11.451337575912476,5.435637474060059,16.886975049972534,nu_0.5,False,
yeast,ocsvm,0.01,0.01,False,10,50,0.0000,0.0000,0.0000,0.3416,1.0000,0.5093,0.3416,1.0000,0.5093,11.451337575912476,5.435637474060059,16.886975049972534,nu_0.5,False,
yeast,ocsvm,0.05,0.01,False,10,50,0.0000,0.0000,0.0000,0.3416,1.0000,0.5093,0.3416,1.0000,0.5093,11.451337575912476,5.435637474060059,16.886975049972534,nu_0.5,False,
yeast,ocsvm,0.1,0.01,False,10,50,0.0000,0.0000,0.0000,0.3416,1.0000,0.5093,0.3416,1.0000,0.5093,11.451337575912476,5.435637474060059,16.886975049972534,nu_0.5,False,
abalone,ocsvm,0,1e-06,True,3,10,0.0000,0.0000,0.0000,0.5552,0.9092,0.6894,0.5552,0.9092,0.6894,1.5872769355773926,1.6634252071380615,3.250702142715454,nu_0.1,False,
abalone,ocsvm,0.01,1e-06,True,3,10,0.0000,0.0000,0.0000,0.5552,0.9092,0.6894,0.5552,0.9092,0.6894,1.5872769355773926,1.6634252071380615,3.250702142715454,nu_0.1,False,
abalone,ocsvm,0.05,1e-06,True,3,10,0.0000,0.0000,0.0000,0.5552,0.9092,0.6894,0.5552,0.9092,0.6894,1.5872769355773926,1.6634252071380615,3.250702142715454,nu_0.1,False,
abalone,ocsvm,0.1,1e-06,True,3,10,0.0000,0.0000,0.0000,0.5552,0.9092,0.6894,0.5552,0.9092,0.6894,1.5872769355773926,1.6634252071380615,3.250702142715454,nu_0.1,False,
abalone,ocsvm,0,1e-06,True,3,50,0.0000,0.0000,0.0000,0.5552,0.9092,0.6894,0.5552,0.9092,0.6894,1.5872769355773926,1.5970244407653809,3.1843013763427734,nu_0.1,False,
abalone,ocsvm,0.01,1e-06,True,3,50,0.0000,0.0000,0.0000,0.5552,0.9092,0.6894,0.5552,0.9092,0.6894,1.5872769355773926,1.5970244407653809,3.1843013763427734,nu_0.1,False,
abalone,ocsvm,0.05,1e-06,True,3,50,0.0000,0.0000,0.0000,0.5552,0.9092,0.6894,0.5552,0.9092,0.6894,1.5872769355773926,1.5970244407653809,3.1843013763427734,nu_0.1,False,
abalone,ocsvm,0.1,1e-06,True,3,50,0.0000,0.0000,0.0000,0.5552,0.9092,0.6894,0.5552,0.9092,0.6894,1.5872769355773926,1.5970244407653809,3.1843013763427734,nu_0.1,False,
abalone,ocsvm,0,1e-06,True,3,10,0.0000,0.0000,0.0000,0.4903,0.9510,0.6470,0.4903,0.9510,0.6470,6.9346840381622314,1.6021308898925781,8.53681492805481,nu_0.5,False,
abalone,ocsvm,0.01,1e-06,True,3,10,0.0000,0.0000,0.0000,0.4903,0.9510,0.6470,0.4903,0.9510,0.6470,6.9346840381622314,1.6021308898925781,8.53681492805481,nu_0.5,False,
abalone,ocsvm,0.05,1e-06,True,3,10,0.0000,0.0000,0.0000,0.4903,0.9510,0.6470,0.4903,0.9510,0.6470,6.9346840381622314,1.6021308898925781,8.53681492805481,nu_0.5,False,
abalone,ocsvm,0.1,1e-06,True,3,10,0.0000,0.0000,0.0000,0.4903,0.9510,0.6470,0.4903,0.9510,0.6470,6.9346840381622314,1.6021308898925781,8.53681492805481,nu_0.5,False,
abalone,ocsvm,0,1e-06,True,3,50,0.0000,0.0000,0.0000,0.4903,0.9510,0.6470,0.4903,0.9510,0.6470,6.9346840381622314,1.609497308731079,8.54418134689331,nu_0.5,False,
abalone,ocsvm,0.01,1e-06,True,3,50,0.0000,0.0000,0.0000,0.4903,0.9510,0.6470,0.4903,0.9510,0.6470,6.9346840381622314,1.609497308731079,8.54418134689331,nu_0.5,False,
abalone,ocsvm,0.05,1e-06,True,3,50,0.0000,0.0000,0.0000,0.4903,0.9510,0.6470,0.4903,0.9510,0.6470,6.9346840381622314,1.609497308731079,8.54418134689331,nu_0.5,False,
abalone,ocsvm,0.1,1e-06,True,3,50,0.0000,0.0000,0.0000,0.4903,0.9510,0.6470,0.4903,0.9510,0.6470,6.9346840381622314,1.609497308731079,8.54418134689331,nu_0.5,False,
abalone,ocsvm,0,1e-06,True,5,10,0.0000,0.0000,0.0000,0.5552,0.9092,0.6894,0.5552,0.9092,0.6894,1.477778673171997,1.6652467250823975,3.1430253982543945,nu_0.1,False,
abalone,ocsvm,0.01,1e-06,True,5,10,0.0000,0.0000,0.0000,0.5552,0.9092,0.6894,0.5552,0.9092,0.6894,1.477778673171997,1.6652467250823975,3.1430253982543945,nu_0.1,False,
abalone,ocsvm,0.05,1e-06,True,5,10,0.0000,0.0000,0.0000,0.5552,0.9092,0.6894,0.5552,0.9092,0.6894,1.477778673171997,1.6652467250823975,3.1430253982543945,nu_0.1,False,
abalone,ocsvm,0.1,1e-06,True,5,10,0.0000,0.0000,0.0000,0.5552,0.9092,0.6894,0.5552,0.9092,0.6894,1.477778673171997,1.6652467250823975,3.1430253982543945,nu_0.1,False,
abalone,ocsvm,0,1e-06,True,5,50,0.0000,0.0000,0.0000,0.5552,0.9092,0.6894,0.5552,0.9092,0.6894,1.477778673171997,1.598402738571167,3.076181411743164,nu_0.1,False,
abalone,ocsvm,0.01,1e-06,True,5,50,0.0000,0.0000,0.0000,0.5552,0.9092,0.6894,0.5552,0.9092,0.6894,1.477778673171997,1.598402738571167,3.076181411743164,nu_0.1,False,
abalone,ocsvm,0.05,1e-06,True,5,50,0.0000,0.0000,0.0000,0.5552,0.9092,0.6894,0.5552,0.9092,0.6894,1.477778673171997,1.598402738571167,3.076181411743164,nu_0.1,False,
abalone,ocsvm,0.1,1e-06,True,5,50,0.0000,0.0000,0.0000,0.5552,0.9092,0.6894,0.5552,0.9092,0.6894,1.477778673171997,1.598402738571167,3.076181411743164,nu_0.1,False,
abalone,ocsvm,0,1e-06,True,5,10,0.0000,0.0000,0.0000,0.4903,0.9510,0.6470,0.4903,0.9510,0.6470,6.936331272125244,1.5953717231750488,8.531702995300293,nu_0.5,False,
abalone,ocsvm,0.01,1e-06,True,5,10,0.0000,0.0000,0.0000,0.4903,0.9510,0.6470,0.4903,0.9510,0.6470,6.936331272125244,1.5953717231750488,8.531702995300293,nu_0.5,False,
abalone,ocsvm,0.05,1e-06,True,5,10,0.0000,0.0000,0.0000,0.4903,0.9510,0.6470,0.4903,0.9510,0.6470,6.936331272125244,1.5953717231750488,8.531702995300293,nu_0.5,False,
abalone,ocsvm,0.1,1e-06,True,5,10,0.0000,0.0000,0.0000,0.4903,0.9510,0.6470,0.4903,0.9510,0.6470,6.936331272125244,1.5953717231750488,8.531702995300293,nu_0.5,False,
abalone,ocsvm,0,1e-06,True,5,50,0.0000,0.0000,0.0000,0.4903,0.9510,0.6470,0.4903,0.9510,0.6470,6.936331272125244,1.6019878387451172,8.538319110870361,nu_0.5,False,
abalone,ocsvm,0.01,1e-06,True,5,50,0.0000,0.0000,0.0000,0.4903,0.9510,0.6470,0.4903,0.9510,0.6470,6.936331272125244,1.6019878387451172,8.538319110870361,nu_0.5,False,
abalone,ocsvm,0.05,1e-06,True,5,50,0.0000,0.0000,0.0000,0.4903,0.9510,0.6470,0.4903,0.9510,0.6470,6.936331272125244,1.6019878387451172,8.538319110870361,nu_0.5,False,
abalone,ocsvm,0.1,1e-06,True,5,50,0.0000,0.0000,0.0000,0.4903,0.9510,0.6470,0.4903,0.9510,0.6470,6.936331272125244,1.6019878387451172,8.538319110870361,nu_0.5,False,
abalone,ocsvm,0,1e-06,True,10,10,0.0000,0.0000,0.0000,0.5552,0.9092,0.6894,0.5552,0.9092,0.6894,1.4781324863433838,1.6761655807495117,3.1542980670928955,nu_0.1,False,
abalone,ocsvm,0.01,1e-06,True,10,10,0.0000,0.0000,0.0000,0.5552,0.9092,0.6894,0.5552,0.9092,0.6894,1.4781324863433838,1.6761655807495117,3.1542980670928955,nu_0.1,False,
abalone,ocsvm,0.05,1e-06,True,10,10,0.0000,0.0000,0.0000,0.5552,0.9092,0.6894,0.5552,0.9092,0.6894,1.4781324863433838,1.6761655807495117,3.1542980670928955,nu_0.1,False,
abalone,ocsvm,0.1,1e-06,True,10,10,0.0000,0.0000,0.0000,0.5552,0.9092,0.6894,0.5552,0.9092,0.6894,1.4781324863433838,1.6761655807495117,3.1542980670928955,nu_0.1,False,
abalone,ocsvm,0,1e-06,True,10,50,0.0000,0.0000,0.0000,0.5552,0.9092,0.6894,0.5552,0.9092,0.6894,1.4781324863433838,1.6029040813446045,3.0810365676879883,nu_0.1,False,
abalone,ocsvm,0.01,1e-06,True,10,50,0.0000,0.0000,0.0000,0.5552,0.9092,0.6894,0.5552,0.9092,0.6894,1.4781324863433838,1.6029040813446045,3.0810365676879883,nu_0.1,False,
abalone,ocsvm,0.05,1e-06,True,10,50,0.0000,0.0000,0.0000,0.5552,0.9092,0.6894,0.5552,0.9092,0.6894,1.4781324863433838,1.6029040813446045,3.0810365676879883,nu_0.1,False,
abalone,ocsvm,0.1,1e-06,True,10,50,0.0000,0.0000,0.0000,0.5552,0.9092,0.6894,0.5552,0.9092,0.6894,1.4781324863433838,1.6029040813446045,3.0810365676879883,nu_0.1,False,
abalone,ocsvm,0,1e-06,True,10,10,0.0000,0.0000,0.0000,0.4903,0.9510,0.6470,0.4903,0.9510,0.6470,6.938964366912842,1.5982706546783447,8.537235021591187,nu_0.5,False,
abalone,ocsvm,0.01,1e-06,True,10,10,0.0000,0.0000,0.0000,0.4903,0.9510,0.6470,0.4903,0.9510,0.6470,6.938964366912842,1.5982706546783447,8.537235021591187,nu_0.5,False,
abalone,ocsvm,0.05,1e-06,True,10,10,0.0000,0.0000,0.0000,0.4903,0.9510,0.6470,0.4903,0.9510,0.6470,6.938964366912842,1.5982706546783447,8.537235021591187,nu_0.5,False,
abalone,ocsvm,0.1,1e-06,True,10,10,0.0000,0.0000,0.0000,0.4903,0.9510,0.6470,0.4903,0.9510,0.6470,6.938964366912842,1.5982706546783447,8.537235021591187,nu_0.5,False,
abalone,ocsvm,0,1e-06,True,10,50,0.0000,0.0000,0.0000,0.4903,0.9510,0.6470,0.4903,0.9510,0.6470,6.938964366912842,1.5973665714263916,8.536330938339233,nu_0.5,False,
abalone,ocsvm,0.01,1e-06,True,10,50,0.0000,0.0000,0.0000,0.4903,0.9510,0.6470,0.4903,0.9510,0.6470,6.938964366912842,1.5973665714263916,8.536330938339233,nu_0.5,False,
abalone,ocsvm,0.05,1e-06,True,10,50,0.0000,0.0000,0.0000,0.4903,0.9510,0.6470,0.4903,0.9510,0.6470,6.938964366912842,1.5973665714263916,8.536330938339233,nu_0.5,False,
abalone,ocsvm,0.1,1e-06,True,10,50,0.0000,0.0000,0.0000,0.4903,0.9510,0.6470,0.4903,0.9510,0.6470,6.938964366912842,1.5973665714263916,8.536330938339233,nu_0.5,False,
abalone,ocsvm,0,1e-06,False,10,10,0.4451,0.1384,0.2111,0.5552,0.9092,0.6894,0.5452,0.9246,0.6859,1.479809284210205,3.7895333766937256,5.269342660903931,nu_0.1,False,
abalone,ocsvm,0.01,1e-06,False,10,10,0.5501,0.1081,0.1807,0.5552,0.9092,0.6894,0.5487,0.9231,0.6883,1.479809284210205,3.7895333766937256,5.269342660903931,nu_0.1,False,
abalone,ocsvm,0.05,1e-06,False,10,10,0.0000,0.0000,0.0000,0.5552,0.9092,0.6894,0.5552,0.9092,0.6894,1.479809284210205,3.7895333766937256,5.269342660903931,nu_0.1,False,
abalone,ocsvm,0.1,1e-06,False,10,10,0.0000,0.0000,0.0000,0.5552,0.9092,0.6894,0.5552,0.9092,0.6894,1.479809284210205,3.7895333766937256,5.269342660903931,nu_0.1,False,
abalone,ocsvm,0,1e-06,False,10,50,0.5634,0.0918,0.1579,0.5552,0.9092,0.6894,0.5493,0.9212,0.6882,1.479809284210205,2.828706741333008,4.308516025543213,nu_0.1,False,
abalone,ocsvm,0.01,1e-06,False,10,50,0.5634,0.0918,0.1579,0.5552,0.9092,0.6894,0.5493,0.9212,0.6882,1.479809284210205,2.828706741333008,4.308516025543213,nu_0.1,False,
abalone,ocsvm,0.05,1e-06,False,10,50,0.0000,0.0000,0.0000,0.5552,0.9092,0.6894,0.5552,0.9092,0.6894,1.479809284210205,2.828706741333008,4.308516025543213,nu_0.1,False,
abalone,ocsvm,0.1,1e-06,False,10,50,0.0000,0.0000,0.0000,0.5552,0.9092,0.6894,0.5552,0.9092,0.6894,1.479809284210205,2.828706741333008,4.308516025543213,nu_0.1,False,
abalone,ocsvm,0,1e-06,False,10,10,0.4931,0.4950,0.4940,0.4903,0.9510,0.6470,0.4937,0.9736,0.6551,6.9911885261535645,4.041527271270752,11.032715797424316,nu_0.5,False,
abalone,ocsvm,0.01,1e-06,False,10,10,0.5700,0.3912,0.4639,0.4903,0.9510,0.6470,0.4938,0.9736,0.6552,6.9911885261535645,4.041527271270752,11.032715797424316,nu_0.5,False,
abalone,ocsvm,0.05,1e-06,False,10,10,0.0000,0.0000,0.0000,0.4903,0.9510,0.6470,0.4903,0.9510,0.6470,6.9911885261535645,4.041527271270752,11.032715797424316,nu_0.5,False,
abalone,ocsvm,0.1,1e-06,False,10,10,0.0000,0.0000,0.0000,0.4903,0.9510,0.6470,0.4903,0.9510,0.6470,6.9911885261535645,4.041527271270752,11.032715797424316,nu_0.5,False,
abalone,ocsvm,0,1e-06,False,10,50,0.5778,0.3373,0.4260,0.4903,0.9510,0.6470,0.4933,0.9688,0.6537,6.9911885261535645,3.4140827655792236,10.405271291732788,nu_0.5,False,
abalone,ocsvm,0.01,1e-06,False,10,50,0.5778,0.3373,0.4260,0.4903,0.9510,0.6470,0.4933,0.9688,0.6537,6.9911885261535645,3.4140827655792236,10.405271291732788,nu_0.5,False,
abalone,ocsvm,0.05,1e-06,False,10,50,0.0000,0.0000,0.0000,0.4903,0.9510,0.6470,0.4903,0.9510,0.6470,6.9911885261535645,3.4140827655792236,10.405271291732788,nu_0.5,False,
abalone,ocsvm,0.1,1e-06,False,10,50,0.0000,0.0000,0.0000,0.4903,0.9510,0.6470,0.4903,0.9510,0.6470,6.9911885261535645,3.4140827655792236,10.405271291732788,nu_0.5,False,
abalone,ocsvm,0,0.0001,True,3,10,0.0000,0.0000,0.0000,0.5552,0.9092,0.6894,0.5552,0.9092,0.6894,1.5483922958374023,1.682093858718872,3.2304861545562744,nu_0.1,False,
abalone,ocsvm,0.01,0.0001,True,3,10,0.0000,0.0000,0.0000,0.5552,0.9092,0.6894,0.5552,0.9092,0.6894,1.5483922958374023,1.682093858718872,3.2304861545562744,nu_0.1,False,
abalone,ocsvm,0.05,0.0001,True,3,10,0.0000,0.0000,0.0000,0.5552,0.9092,0.6894,0.5552,0.9092,0.6894,1.5483922958374023,1.682093858718872,3.2304861545562744,nu_0.1,False,
abalone,ocsvm,0.1,0.0001,True,3,10,0.0000,0.0000,0.0000,0.5552,0.9092,0.6894,0.5552,0.9092,0.6894,1.5483922958374023,1.682093858718872,3.2304861545562744,nu_0.1,False,
abalone,ocsvm,0,0.0001,True,3,50,0.0000,0.0000,0.0000,0.5552,0.9092,0.6894,0.5552,0.9092,0.6894,1.5483922958374023,1.6250033378601074,3.1733956336975098,nu_0.1,False,
abalone,ocsvm,0.01,0.0001,True,3,50,0.0000,0.0000,0.0000,0.5552,0.9092,0.6894,0.5552,0.9092,0.6894,1.5483922958374023,1.6250033378601074,3.1733956336975098,nu_0.1,False,
abalone,ocsvm,0.05,0.0001,True,3,50,0.0000,0.0000,0.0000,0.5552,0.9092,0.6894,0.5552,0.9092,0.6894,1.5483922958374023,1.6250033378601074,3.1733956336975098,nu_0.1,False,
abalone,ocsvm,0.1,0.0001,True,3,50,0.0000,0.0000,0.0000,0.5552,0.9092,0.6894,0.5552,0.9092,0.6894,1.5483922958374023,1.6250033378601074,3.1733956336975098,nu_0.1,False,
abalone,ocsvm,0,0.0001,True,3,10,0.0000,0.0000,0.0000,0.4903,0.9510,0.6470,0.4903,0.9510,0.6470,6.995524168014526,1.6546320915222168,8.650156259536743,nu_0.5,False,
abalone,ocsvm,0.01,0.0001,True,3,10,0.0000,0.0000,0.0000,0.4903,0.9510,0.6470,0.4903,0.9510,0.6470,6.995524168014526,1.6546320915222168,8.650156259536743,nu_0.5,False,
abalone,ocsvm,0.05,0.0001,True,3,10,0.0000,0.0000,0.0000,0.4903,0.9510,0.6470,0.4903,0.9510,0.6470,6.995524168014526,1.6546320915222168,8.650156259536743,nu_0.5,False,
abalone,ocsvm,0.1,0.0001,True,3,10,0.0000,0.0000,0.0000,0.4903,0.9510,0.6470,0.4903,0.9510,0.6470,6.995524168014526,1.6546320915222168,8.650156259536743,nu_0.5,False,
abalone,ocsvm,0,0.0001,True,3,50,0.0000,0.0000,0.0000,0.4903,0.9510,0.6470,0.4903,0.9510,0.6470,6.995524168014526,1.64129638671875,8.636820554733276,nu_0.5,False,
abalone,ocsvm,0.01,0.0001,True,3,50,0.0000,0.0000,0.0000,0.4903,0.9510,0.6470,0.4903,0.9510,0.6470,6.995524168014526,1.64129638671875,8.636820554733276,nu_0.5,False,
abalone,ocsvm,0.05,0.0001,True,3,50,0.0000,0.0000,0.0000,0.4903,0.9510,0.6470,0.4903,0.9510,0.6470,6.995524168014526,1.64129638671875,8.636820554733276,nu_0.5,False,
abalone,ocsvm,0.1,0.0001,True,3,50,0.0000,0.0000,0.0000,0.4903,0.9510,0.6470,0.4903,0.9510,0.6470,6.995524168014526,1.64129638671875,8.636820554733276,nu_0.5,False,
abalone,ocsvm,0,0.0001,True,5,10,0.0000,0.0000,0.0000,0.5552,0.9092,0.6894,0.5552,0.9092,0.6894,1.49723482131958,1.6828117370605469,3.180046558380127,nu_0.1,False,
abalone,ocsvm,0.01,0.0001,True,5,10,0.0000,0.0000,0.0000,0.5552,0.9092,0.6894,0.5552,0.9092,0.6894,1.49723482131958,1.6828117370605469,3.180046558380127,nu_0.1,False,
abalone,ocsvm,0.05,0.0001,True,5,10,0.0000,0.0000,0.0000,0.5552,0.9092,0.6894,0.5552,0.9092,0.6894,1.49723482131958,1.6828117370605469,3.180046558380127,nu_0.1,False,
abalone,ocsvm,0.1,0.0001,True,5,10,0.0000,0.0000,0.0000,0.5552,0.9092,0.6894,0.5552,0.9092,0.6894,1.49723482131958,1.6828117370605469,3.180046558380127,nu_0.1,False,
abalone,ocsvm,0,0.0001,True,5,50,0.0000,0.0000,0.0000,0.5552,0.9092,0.6894,0.5552,0.9092,0.6894,1.49723482131958,1.634235143661499,3.131469964981079,nu_0.1,False,
abalone,ocsvm,0.01,0.0001,True,5,50,0.0000,0.0000,0.0000,0.5552,0.9092,0.6894,0.5552,0.9092,0.6894,1.49723482131958,1.634235143661499,3.131469964981079,nu_0.1,False,
abalone,ocsvm,0.05,0.0001,True,5,50,0.0000,0.0000,0.0000,0.5552,0.9092,0.6894,0.5552,0.9092,0.6894,1.49723482131958,1.634235143661499,3.131469964981079,nu_0.1,False,
abalone,ocsvm,0.1,0.0001,True,5,50,0.0000,0.0000,0.0000,0.5552,0.9092,0.6894,0.5552,0.9092,0.6894,1.49723482131958,1.634235143661499,3.131469964981079,nu_0.1,False,
abalone,ocsvm,0,0.0001,True,5,10,0.0000,0.0000,0.0000,0.4903,0.9510,0.6470,0.4903,0.9510,0.6470,6.983935594558716,1.6109261512756348,8.59486174583435,nu_0.5,False,
abalone,ocsvm,0.01,0.0001,True,5,10,0.0000,0.0000,0.0000,0.4903,0.9510,0.6470,0.4903,0.9510,0.6470,6.983935594558716,1.6109261512756348,8.59486174583435,nu_0.5,False,
abalone,ocsvm,0.05,0.0001,True,5,10,0.0000,0.0000,0.0000,0.4903,0.9510,0.6470,0.4903,0.9510,0.6470,6.983935594558716,1.6109261512756348,8.59486174583435,nu_0.5,False,
abalone,ocsvm,0.1,0.0001,True,5,10,0.0000,0.0000,0.0000,0.4903,0.9510,0.6470,0.4903,0.9510,0.6470,6.983935594558716,1.6109261512756348,8.59486174583435,nu_0.5,False,
abalone,ocsvm,0,0.0001,True,5,50,0.0000,0.0000,0.0000,0.4903,0.9510,0.6470,0.4903,0.9510,0.6470,6.983935594558716,1.6090667247772217,8.593002319335938,nu_0.5,False,
abalone,ocsvm,0.01,0.0001,True,5,50,0.0000,0.0000,0.0000,0.4903,0.9510,0.6470,0.4903,0.9510,0.6470,6.983935594558716,1.6090667247772217,8.593002319335938,nu_0.5,False,
abalone,ocsvm,0.05,0.0001,True,5,50,0.0000,0.0000,0.0000,0.4903,0.9510,0.6470,0.4903,0.9510,0.6470,6.983935594558716,1.6090667247772217,8.593002319335938,nu_0.5,False,
abalone,ocsvm,0.1,0.0001,True,5,50,0.0000,0.0000,0.0000,0.4903,0.9510,0.6470,0.4903,0.9510,0.6470,6.983935594558716,1.6090667247772217,8.593002319335938,nu_0.5,False,
abalone,ocsvm,0,0.0001,True,10,10,0.0000,0.0000,0.0000,0.5552,0.9092,0.6894,0.5552,0.9092,0.6894,1.4814410209655762,1.6968450546264648,3.178286075592041,nu_0.1,False,
abalone,ocsvm,0.01,0.0001,True,10,10,0.0000,0.0000,0.0000,0.5552,0.9092,0.6894,0.5552,0.9092,0.6894,1.4814410209655762,1.6968450546264648,3.178286075592041,nu_0.1,False,
abalone,ocsvm,0.05,0.0001,True,10,10,0.0000,0.0000,0.0000,0.5552,0.9092,0.6894,0.5552,0.9092,0.6894,1.4814410209655762,1.6968450546264648,3.178286075592041,nu_0.1,False,
abalone,ocsvm,0.1,0.0001,True,10,10,0.0000,0.0000,0.0000,0.5552,0.9092,0.6894,0.5552,0.9092,0.6894,1.4814410209655762,1.6968450546264648,3.178286075592041,nu_0.1,False,
abalone,ocsvm,0,0.0001,True,10,50,0.0000,0.0000,0.0000,0.5552,0.9092,0.6894,0.5552,0.9092,0.6894,1.4814410209655762,1.680661916732788,3.1621029376983643,nu_0.1,False,
abalone,ocsvm,0.01,0.0001,True,10,50,0.0000,0.0000,0.0000,0.5552,0.9092,0.6894,0.5552,0.9092,0.6894,1.4814410209655762,1.680661916732788,3.1621029376983643,nu_0.1,False,
abalone,ocsvm,0.05,0.0001,True,10,50,0.0000,0.0000,0.0000,0.5552,0.9092,0.6894,0.5552,0.9092,0.6894,1.4814410209655762,1.680661916732788,3.1621029376983643,nu_0.1,False,
abalone,ocsvm,0.1,0.0001,True,10,50,0.0000,0.0000,0.0000,0.5552,0.9092,0.6894,0.5552,0.9092,0.6894,1.4814410209655762,1.680661916732788,3.1621029376983643,nu_0.1,False,
abalone,ocsvm,0,0.0001,True,10,10,0.0000,0.0000,0.0000,0.4903,0.9510,0.6470,0.4903,0.9510,0.6470,6.969331741333008,1.6315391063690186,8.600870847702026,nu_0.5,False,
abalone,ocsvm,0.01,0.0001,True,10,10,0.0000,0.0000,0.0000,0.4903,0.9510,0.6470,0.4903,0.9510,0.6470,6.969331741333008,1.6315391063690186,8.600870847702026,nu_0.5,False,
abalone,ocsvm,0.05,0.0001,True,10,10,0.0000,0.0000,0.0000,0.4903,0.9510,0.6470,0.4903,0.9510,0.6470,6.969331741333008,1.6315391063690186,8.600870847702026,nu_0.5,False,
abalone,ocsvm,0.1,0.0001,True,10,10,0.0000,0.0000,0.0000,0.4903,0.9510,0.6470,0.4903,0.9510,0.6470,6.969331741333008,1.6315391063690186,8.600870847702026,nu_0.5,False,
abalone,ocsvm,0,0.0001,True,10,50,0.0000,0.0000,0.0000,0.4903,0.9510,0.6470,0.4903,0.9510,0.6470,6.969331741333008,1.6375064849853516,8.60683822631836,nu_0.5,False,
abalone,ocsvm,0.01,0.0001,True,10,50,0.0000,0.0000,0.0000,0.4903,0.9510,0.6470,0.4903,0.9510,0.6470,6.969331741333008,1.6375064849853516,8.60683822631836,nu_0.5,False,
abalone,ocsvm,0.05,0.0001,True,10,50,0.0000,0.0000,0.0000,0.4903,0.9510,0.6470,0.4903,0.9510,0.6470,6.969331741333008,1.6375064849853516,8.60683822631836,nu_0.5,False,
abalone,ocsvm,0.1,0.0001,True,10,50,0.0000,0.0000,0.0000,0.4903,0.9510,0.6470,0.4903,0.9510,0.6470,6.969331741333008,1.6375064849853516,8.60683822631836,nu_0.5,False,
abalone,ocsvm,0,0.0001,False,10,10,0.4451,0.1384,0.2111,0.5552,0.9092,0.6894,0.5452,0.9246,0.6859,1.4883594512939453,3.8229687213897705,5.311328172683716,nu_0.1,False,
abalone,ocsvm,0.01,0.0001,False,10,10,0.5501,0.1081,0.1807,0.5552,0.9092,0.6894,0.5487,0.9231,0.6883,1.4883594512939453,3.8229687213897705,5.311328172683716,nu_0.1,False,
abalone,ocsvm,0.05,0.0001,False,10,10,0.0000,0.0000,0.0000,0.5552,0.9092,0.6894,0.5552,0.9092,0.6894,1.4883594512939453,3.8229687213897705,5.311328172683716,nu_0.1,False,
abalone,ocsvm,0.1,0.0001,False,10,10,0.0000,0.0000,0.0000,0.5552,0.9092,0.6894,0.5552,0.9092,0.6894,1.4883594512939453,3.8229687213897705,5.311328172683716,nu_0.1,False,
abalone,ocsvm,0,0.0001,False,10,50,0.5634,0.0918,0.1579,0.5552,0.9092,0.6894,0.5493,0.9212,0.6882,1.4883594512939453,2.8569107055664062,4.345270156860352,nu_0.1,False,
abalone,ocsvm,0.01,0.0001,False,10,50,0.5634,0.0918,0.1579,0.5552,0.9092,0.6894,0.5493,0.9212,0.6882,1.4883594512939453,2.8569107055664062,4.345270156860352,nu_0.1,False,
abalone,ocsvm,0.05,0.0001,False,10,50,0.0000,0.0000,0.0000,0.5552,0.9092,0.6894,0.5552,0.9092,0.6894,1.4883594512939453,2.8569107055664062,4.345270156860352,nu_0.1,False,
abalone,ocsvm,0.1,0.0001,False,10,50,0.0000,0.0000,0.0000,0.5552,0.9092,0.6894,0.5552,0.9092,0.6894,1.4883594512939453,2.8569107055664062,4.345270156860352,nu_0.1,False,
abalone,ocsvm,0,0.0001,False,10,10,0.4931,0.4950,0.4940,0.4903,0.9510,0.6470,0.4937,0.9736,0.6551,6.9775779247283936,4.0198073387146,10.997385263442993,nu_0.5,False,
abalone,ocsvm,0.01,0.0001,False,10,10,0.5700,0.3912,0.4639,0.4903,0.9510,0.6470,0.4938,0.9736,0.6552,6.9775779247283936,4.0198073387146,10.997385263442993,nu_0.5,False,
abalone,ocsvm,0.05,0.0001,False,10,10,0.0000,0.0000,0.0000,0.4903,0.9510,0.6470,0.4903,0.9510,0.6470,6.9775779247283936,4.0198073387146,10.997385263442993,nu_0.5,False,
abalone,ocsvm,0.1,0.0001,False,10,10,0.0000,0.0000,0.0000,0.4903,0.9510,0.6470,0.4903,0.9510,0.6470,6.9775779247283936,4.0198073387146,10.997385263442993,nu_0.5,False,
abalone,ocsvm,0,0.0001,False,10,50,0.5778,0.3373,0.4260,0.4903,0.9510,0.6470,0.4933,0.9688,0.6537,6.9775779247283936,3.335014581680298,10.312592506408691,nu_0.5,False,
abalone,ocsvm,0.01,0.0001,False,10,50,0.5778,0.3373,0.4260,0.4903,0.9510,0.6470,0.4933,0.9688,0.6537,6.9775779247283936,3.335014581680298,10.312592506408691,nu_0.5,False,
abalone,ocsvm,0.05,0.0001,False,10,50,0.0000,0.0000,0.0000,0.4903,0.9510,0.6470,0.4903,0.9510,0.6470,6.9775779247283936,3.335014581680298,10.312592506408691,nu_0.5,False,
abalone,ocsvm,0.1,0.0001,False,10,50,0.0000,0.0000,0.0000,0.4903,0.9510,0.6470,0.4903,0.9510,0.6470,6.9775779247283936,3.335014581680298,10.312592506408691,nu_0.5,False,
abalone,ocsvm,0,0.01,True,3,10,0.0000,0.0000,0.0000,0.5552,0.9092,0.6894,0.5552,0.9092,0.6894,1.5502443313598633,6.623984098434448,8.174228429794312,nu_0.1,False,
abalone,ocsvm,0.01,0.01,True,3,10,0.0000,0.0000,0.0000,0.5552,0.9092,0.6894,0.5552,0.9092,0.6894,1.5502443313598633,6.623984098434448,8.174228429794312,nu_0.1,False,
abalone,ocsvm,0.05,0.01,True,3,10,0.0000,0.0000,0.0000,0.5552,0.9092,0.6894,0.5552,0.9092,0.6894,1.5502443313598633,6.623984098434448,8.174228429794312,nu_0.1,False,
abalone,ocsvm,0.1,0.01,True,3,10,0.0000,0.0000,0.0000,0.5552,0.9092,0.6894,0.5552,0.9092,0.6894,1.5502443313598633,6.623984098434448,8.174228429794312,nu_0.1,False,
abalone,ocsvm,0,0.01,True,3,50,0.0000,0.0000,0.0000,0.5552,0.9092,0.6894,0.5552,0.9092,0.6894,1.5502443313598633,6.273110389709473,7.823354721069336,nu_0.1,False,
abalone,ocsvm,0.01,0.01,True,3,50,0.0000,0.0000,0.0000,0.5552,0.9092,0.6894,0.5552,0.9092,0.6894,1.5502443313598633,6.273110389709473,7.823354721069336,nu_0.1,False,
abalone,ocsvm,0.05,0.01,True,3,50,0.0000,0.0000,0.0000,0.5552,0.9092,0.6894,0.5552,0.9092,0.6894,1.5502443313598633,6.273110389709473,7.823354721069336,nu_0.1,False,
abalone,ocsvm,0.1,0.01,True,3,50,0.0000,0.0000,0.0000,0.5552,0.9092,0.6894,0.5552,0.9092,0.6894,1.5502443313598633,6.273110389709473,7.823354721069336,nu_0.1,False,
abalone,ocsvm,0,0.01,True,3,10,0.0000,0.0000,0.0000,0.4903,0.9510,0.6470,0.4903,0.9510,0.6470,6.930360794067383,6.265202045440674,13.195562839508057,nu_0.5,False,
abalone,ocsvm,0.01,0.01,True,3,10,0.0000,0.0000,0.0000,0.4903,0.9510,0.6470,0.4903,0.9510,0.6470,6.930360794067383,6.265202045440674,13.195562839508057,nu_0.5,False,
abalone,ocsvm,0.05,0.01,True,3,10,0.0000,0.0000,0.0000,0.4903,0.9510,0.6470,0.4903,0.9510,0.6470,6.930360794067383,6.265202045440674,13.195562839508057,nu_0.5,False,
abalone,ocsvm,0.1,0.01,True,3,10,0.0000,0.0000,0.0000,0.4903,0.9510,0.6470,0.4903,0.9510,0.6470,6.930360794067383,6.265202045440674,13.195562839508057,nu_0.5,False,
abalone,ocsvm,0,0.01,True,3,50,0.0000,0.0000,0.0000,0.4903,0.9510,0.6470,0.4903,0.9510,0.6470,6.930360794067383,6.2387518882751465,13.16911268234253,nu_0.5,False,
abalone,ocsvm,0.01,0.01,True,3,50,0.0000,0.0000,0.0000,0.4903,0.9510,0.6470,0.4903,0.9510,0.6470,6.930360794067383,6.2387518882751465,13.16911268234253,nu_0.5,False,
abalone,ocsvm,0.05,0.01,True,3,50,0.0000,0.0000,0.0000,0.4903,0.9510,0.6470,0.4903,0.9510,0.6470,6.930360794067383,6.2387518882751465,13.16911268234253,nu_0.5,False,
abalone,ocsvm,0.1,0.01,True,3,50,0.0000,0.0000,0.0000,0.4903,0.9510,0.6470,0.4903,0.9510,0.6470,6.930360794067383,6.2387518882751465,13.16911268234253,nu_0.5,False,
abalone,ocsvm,0,0.01,True,5,10,0.0000,0.0000,0.0000,0.5552,0.9092,0.6894,0.5552,0.9092,0.6894,1.4844303131103516,6.898301124572754,8.382731437683105,nu_0.1,False,
abalone,ocsvm,0.01,0.01,True,5,10,0.0000,0.0000,0.0000,0.5552,0.9092,0.6894,0.5552,0.9092,0.6894,1.4844303131103516,6.898301124572754,8.382731437683105,nu_0.1,False,
abalone,ocsvm,0.05,0.01,True,5,10,0.0000,0.0000,0.0000,0.5552,0.9092,0.6894,0.5552,0.9092,0.6894,1.4844303131103516,6.898301124572754,8.382731437683105,nu_0.1,False,
abalone,ocsvm,0.1,0.01,True,5,10,0.0000,0.0000,0.0000,0.5552,0.9092,0.6894,0.5552,0.9092,0.6894,1.4844303131103516,6.898301124572754,8.382731437683105,nu_0.1,False,
abalone,ocsvm,0,0.01,True,5,50,0.0000,0.0000,0.0000,0.5552,0.9092,0.6894,0.5552,0.9092,0.6894,1.4844303131103516,6.504094123840332,7.988524436950684,nu_0.1,False,
abalone,ocsvm,0.01,0.01,True,5,50,0.0000,0.0000,0.0000,0.5552,0.9092,0.6894,0.5552,0.9092,0.6894,1.4844303131103516,6.504094123840332,7.988524436950684,nu_0.1,False,
abalone,ocsvm,0.05,0.01,True,5,50,0.0000,0.0000,0.0000,0.5552,0.9092,0.6894,0.5552,0.9092,0.6894,1.4844303131103516,6.504094123840332,7.988524436950684,nu_0.1,False,
abalone,ocsvm,0.1,0.01,True,5,50,0.0000,0.0000,0.0000,0.5552,0.9092,0.6894,0.5552,0.9092,0.6894,1.4844303131103516,6.504094123840332,7.988524436950684,nu_0.1,False,
abalone,ocsvm,0,0.01,True,5,10,0.0000,0.0000,0.0000,0.4903,0.9510,0.6470,0.4903,0.9510,0.6470,6.931873321533203,6.50190544128418,13.433778762817383,nu_0.5,False,
abalone,ocsvm,0.01,0.01,True,5,10,0.0000,0.0000,0.0000,0.4903,0.9510,0.6470,0.4903,0.9510,0.6470,6.931873321533203,6.50190544128418,13.433778762817383,nu_0.5,False,
abalone,ocsvm,0.05,0.01,True,5,10,0.0000,0.0000,0.0000,0.4903,0.9510,0.6470,0.4903,0.9510,0.6470,6.931873321533203,6.50190544128418,13.433778762817383,nu_0.5,False,
abalone,ocsvm,0.1,0.01,True,5,10,0.0000,0.0000,0.0000,0.4903,0.9510,0.6470,0.4903,0.9510,0.6470,6.931873321533203,6.50190544128418,13.433778762817383,nu_0.5,False,
abalone,ocsvm,0,0.01,True,5,50,0.0000,0.0000,0.0000,0.4903,0.9510,0.6470,0.4903,0.9510,0.6470,6.931873321533203,6.6263391971588135,13.558212518692017,nu_0.5,False,
abalone,ocsvm,0.01,0.01,True,5,50,0.0000,0.0000,0.0000,0.4903,0.9510,0.6470,0.4903,0.9510,0.6470,6.931873321533203,6.6263391971588135,13.558212518692017,nu_0.5,False,
abalone,ocsvm,0.05,0.01,True,5,50,0.0000,0.0000,0.0000,0.4903,0.9510,0.6470,0.4903,0.9510,0.6470,6.931873321533203,6.6263391971588135,13.558212518692017,nu_0.5,False,
abalone,ocsvm,0.1,0.01,True,5,50,0.0000,0.0000,0.0000,0.4903,0.9510,0.6470,0.4903,0.9510,0.6470,6.931873321533203,6.6263391971588135,13.558212518692017,nu_0.5,False,
abalone,ocsvm,0,0.01,True,10,10,0.0000,0.0000,0.0000,0.5552,0.9092,0.6894,0.5552,0.9092,0.6894,1.478217363357544,7.540405750274658,9.018623113632202,nu_0.1,False,
abalone,ocsvm,0.01,0.01,True,10,10,0.0000,0.0000,0.0000,0.5552,0.9092,0.6894,0.5552,0.9092,0.6894,1.478217363357544,7.540405750274658,9.018623113632202,nu_0.1,False,
abalone,ocsvm,0.05,0.01,True,10,10,0.0000,0.0000,0.0000,0.5552,0.9092,0.6894,0.5552,0.9092,0.6894,1.478217363357544,7.540405750274658,9.018623113632202,nu_0.1,False,
abalone,ocsvm,0.1,0.01,True,10,10,0.0000,0.0000,0.0000,0.5552,0.9092,0.6894,0.5552,0.9092,0.6894,1.478217363357544,7.540405750274658,9.018623113632202,nu_0.1,False,
abalone,ocsvm,0,0.01,True,10,50,0.0000,0.0000,0.0000,0.5552,0.9092,0.6894,0.5552,0.9092,0.6894,1.478217363357544,7.246893405914307,8.72511076927185,nu_0.1,False,
abalone,ocsvm,0.01,0.01,True,10,50,0.0000,0.0000,0.0000,0.5552,0.9092,0.6894,0.5552,0.9092,0.6894,1.478217363357544,7.246893405914307,8.72511076927185,nu_0.1,False,
abalone,ocsvm,0.05,0.01,True,10,50,0.0000,0.0000,0.0000,0.5552,0.9092,0.6894,0.5552,0.9092,0.6894,1.478217363357544,7.246893405914307,8.72511076927185,nu_0.1,False,
abalone,ocsvm,0.1,0.01,True,10,50,0.0000,0.0000,0.0000,0.5552,0.9092,0.6894,0.5552,0.9092,0.6894,1.478217363357544,7.246893405914307,8.72511076927185,nu_0.1,False,
abalone,ocsvm,0,0.01,True,10,10,0.0000,0.0000,0.0000,0.4903,0.9510,0.6470,0.4903,0.9510,0.6470,6.949631452560425,7.254138231277466,14.20376968383789,nu_0.5,False,
abalone,ocsvm,0.01,0.01,True,10,10,0.0000,0.0000,0.0000,0.4903,0.9510,0.6470,0.4903,0.9510,0.6470,6.949631452560425,7.254138231277466,14.20376968383789,nu_0.5,False,
abalone,ocsvm,0.05,0.01,True,10,10,0.0000,0.0000,0.0000,0.4903,0.9510,0.6470,0.4903,0.9510,0.6470,6.949631452560425,7.254138231277466,14.20376968383789,nu_0.5,False,
abalone,ocsvm,0.1,0.01,True,10,10,0.0000,0.0000,0.0000,0.4903,0.9510,0.6470,0.4903,0.9510,0.6470,6.949631452560425,7.254138231277466,14.20376968383789,nu_0.5,False,
abalone,ocsvm,0,0.01,True,10,50,0.0000,0.0000,0.0000,0.4903,0.9510,0.6470,0.4903,0.9510,0.6470,6.949631452560425,7.140782833099365,14.09041428565979,nu_0.5,False,
abalone,ocsvm,0.01,0.01,True,10,50,0.0000,0.0000,0.0000,0.4903,0.9510,0.6470,0.4903,0.9510,0.6470,6.949631452560425,7.140782833099365,14.09041428565979,nu_0.5,False,
abalone,ocsvm,0.05,0.01,True,10,50,0.0000,0.0000,0.0000,0.4903,0.9510,0.6470,0.4903,0.9510,0.6470,6.949631452560425,7.140782833099365,14.09041428565979,nu_0.5,False,
abalone,ocsvm,0.1,0.01,True,10,50,0.0000,0.0000,0.0000,0.4903,0.9510,0.6470,0.4903,0.9510,0.6470,6.949631452560425,7.140782833099365,14.09041428565979,nu_0.5,False,
abalone,ocsvm,0,0.01,False,10,10,0.4965,0.9933,0.6621,0.5552,0.9092,0.6894,0.4982,1.0000,0.6651,1.4814305305480957,56.15184450149536,57.63327503204346,nu_0.1,False,
abalone,ocsvm,0.01,0.01,False,10,10,0.4756,0.8770,0.6168,0.5552,0.9092,0.6894,0.5026,0.9914,0.6670,1.4814305305480957,56.15184450149536,57.63327503204346,nu_0.1,False,
abalone,ocsvm,0.05,0.01,False,10,10,0.4831,0.2686,0.3453,0.5552,0.9092,0.6894,0.5422,0.9270,0.6842,1.4814305305480957,56.15184450149536,57.63327503204346,nu_0.1,False,
abalone,ocsvm,0.1,0.01,False,10,10,0.5864,0.1158,0.1934,0.5552,0.9092,0.6894,0.5509,0.9212,0.6894,1.4814305305480957,56.15184450149536,57.63327503204346,nu_0.1,False,
abalone,ocsvm,0,0.01,False,10,50,0.4885,0.9616,0.6479,0.5552,0.9092,0.6894,0.4982,1.0000,0.6651,1.4814305305480957,50.95182681083679,52.43325734138489,nu_0.1,False,
abalone,ocsvm,0.01,0.01,False,10,50,0.4734,0.8592,0.6104,0.5552,0.9092,0.6894,0.5037,0.9899,0.6676,1.4814305305480957,50.95182681083679,52.43325734138489,nu_0.1,False,
abalone,ocsvm,0.05,0.01,False,10,50,0.5009,0.2566,0.3394,0.5552,0.9092,0.6894,0.5422,0.9260,0.6839,1.4814305305480957,50.95182681083679,52.43325734138489,nu_0.1,False,
abalone,ocsvm,0.1,0.01,False,10,50,0.5965,0.1144,0.1919,0.5552,0.9092,0.6894,0.5514,0.9207,0.6897,1.4814305305480957,50.95182681083679,52.43325734138489,nu_0.1,False,
abalone,ocsvm,0,0.01,False,10,10,0.4977,0.9981,0.6642,0.4903,0.9510,0.6470,0.4982,1.0000,0.6651,6.924420356750488,149.66833066940308,156.59275102615356,nu_0.5,False,
abalone,ocsvm,0.01,0.01,False,10,10,0.4953,0.9885,0.6599,0.4903,0.9510,0.6470,0.4982,1.0000,0.6651,6.924420356750488,149.66833066940308,156.59275102615356,nu_0.5,False,
abalone,ocsvm,0.05,0.01,False,10,10,0.4743,0.8784,0.6160,0.4903,0.9510,0.6470,0.4981,0.9990,0.6647,6.924420356750488,149.66833066940308,156.59275102615356,nu_0.5,False,
abalone,ocsvm,0.1,0.01,False,10,10,0.4805,0.6997,0.5698,0.4903,0.9510,0.6470,0.4969,0.9909,0.6619,6.924420356750488,149.66833066940308,156.59275102615356,nu_0.5,False,
abalone,ocsvm,0,0.01,False,10,50,0.4955,0.9894,0.6604,0.4903,0.9510,0.6470,0.4982,1.0000,0.6651,6.924420356750488,146.6862599849701,153.61068034172058,nu_0.5,False,
abalone,ocsvm,0.01,0.01,False,10,50,0.4941,0.9832,0.6577,0.4903,0.9510,0.6470,0.4982,1.0000,0.6651,6.924420356750488,146.6862599849701,153.61068034172058,nu_0.5,False,
abalone,ocsvm,0.05,0.01,False,10,50,0.4759,0.8693,0.6151,0.4903,0.9510,0.6470,0.4981,0.9990,0.6647,6.924420356750488,146.6862599849701,153.61068034172058,nu_0.5,False,
abalone,ocsvm,0.1,0.01,False,10,50,0.4951,0.6752,0.5713,0.4903,0.9510,0.6470,0.4967,0.9875,0.6610,6.924420356750488,146.6862599849701,153.61068034172058,nu_0.5,False,
