dataname,method,t,tol,knn,size_neighbor,min_neighbor,s_p,s_r,s_f1,o_p,o_r,o_f1,c_p,c_r,c_f1,overall_runtime,structured_runtime,combined_runtime,param
yeast,ocsvm,0,1.00E-06,TRUE,50,10,0.3191,0.7377,0,0.3416,1,0.5093,0.3416,1,0,1.610643864,11.08447528,12.69511914,nu_0.1
yeast,ocsvm,0.01,1.00E-06,TRUE,50,10,0.3191,0.7377,0,0.3416,1,0.5093,0.3416,1,0,1.610643864,11.08447528,12.69511914,nu_0.1
yeast,ocsvm,0.05,1.00E-06,TRUE,50,10,0.3213,0.3846,0,0.3416,1,0.5093,0.3416,1,0,1.610643864,11.08447528,12.69511914,nu_0.1
yeast,ocsvm,0.1,1.00E-06,TRUE,50,10,0.2364,0.0256,0,0.3416,1,0.5093,0.3416,1,0,1.610643864,11.08447528,12.69511914,nu_0.1
yeast,ocsvm,0,1.00E-06,TRUE,50,25,0.3191,0.7377,0,0.3416,1,0.5093,0.3416,1,0,1.610643864,7.091475964,8.702119827,nu_0.1
yeast,ocsvm,0.01,1.00E-06,TRUE,50,25,0.3191,0.7377,0,0.3416,1,0.5093,0.3416,1,0,1.610643864,7.091475964,8.702119827,nu_0.1
yeast,ocsvm,0.05,1.00E-06,TRUE,50,25,0.3213,0.3846,0,0.3416,1,0.5093,0.3416,1,0,1.610643864,7.091475964,8.702119827,nu_0.1
yeast,ocsvm,0.1,1.00E-06,TRUE,50,25,0.2364,0.0256,0,0.3416,1,0.5093,0.3416,1,0,1.610643864,7.091475964,8.702119827,nu_0.1
yeast,ocsvm,0,1.00E-06,TRUE,50,50,0,0,0,0.3416,1,0.5093,0.3416,1,0,1.610643864,4.192754984,5.803398848,nu_0.1
yeast,ocsvm,0.01,1.00E-06,TRUE,50,50,0,0,0,0.3416,1,0.5093,0.3416,1,0,1.610643864,4.192754984,5.803398848,nu_0.1
yeast,ocsvm,0.05,1.00E-06,TRUE,50,50,0,0,0,0.3416,1,0.5093,0.3416,1,0,1.610643864,4.192754984,5.803398848,nu_0.1
yeast,ocsvm,0.1,1.00E-06,TRUE,50,50,0,0,0,0.3416,1,0.5093,0.3416,1,0,1.610643864,4.192754984,5.803398848,nu_0.1
yeast,ocsvm,0,1.00E-06,TRUE,50,10,0.3287,0.8817,0,0.3416,1,0.5093,0.3416,1,0,3.165763855,7.231967211,10.39773107,nu_0.2
yeast,ocsvm,0.01,1.00E-06,TRUE,50,10,0.3287,0.8817,0,0.3416,1,0.5093,0.3416,1,0,3.165763855,7.231967211,10.39773107,nu_0.2
yeast,ocsvm,0.05,1.00E-06,TRUE,50,10,0.3027,0.5523,0,0.3416,1,0.5093,0.3416,1,0,3.165763855,7.231967211,10.39773107,nu_0.2
yeast,ocsvm,0.1,1.00E-06,TRUE,50,10,0.2957,0.1085,0,0.3416,1,0.5093,0.3416,1,0,3.165763855,7.231967211,10.39773107,nu_0.2
yeast,ocsvm,0,1.00E-06,TRUE,50,25,0.3287,0.8817,0,0.3416,1,0.5093,0.3416,1,0,3.165763855,7.182243109,10.34800696,nu_0.2
yeast,ocsvm,0.01,1.00E-06,TRUE,50,25,0.3287,0.8817,0,0.3416,1,0.5093,0.3416,1,0,3.165763855,7.182243109,10.34800696,nu_0.2
yeast,ocsvm,0.05,1.00E-06,TRUE,50,25,0.3027,0.5523,0,0.3416,1,0.5093,0.3416,1,0,3.165763855,7.182243109,10.34800696,nu_0.2
yeast,ocsvm,0.1,1.00E-06,TRUE,50,25,0.2957,0.1085,0,0.3416,1,0.5093,0.3416,1,0,3.165763855,7.182243109,10.34800696,nu_0.2
yeast,ocsvm,0,1.00E-06,TRUE,50,50,0,0,0,0.3416,1,0.5093,0.3416,1,0,3.165763855,4.157807112,7.323570967,nu_0.2
yeast,ocsvm,0.01,1.00E-06,TRUE,50,50,0,0,0,0.3416,1,0.5093,0.3416,1,0,3.165763855,4.157807112,7.323570967,nu_0.2
yeast,ocsvm,0.05,1.00E-06,TRUE,50,50,0,0,0,0.3416,1,0.5093,0.3416,1,0,3.165763855,4.157807112,7.323570967,nu_0.2
yeast,ocsvm,0.1,1.00E-06,TRUE,50,50,0,0,0,0.3416,1,0.5093,0.3416,1,0,3.165763855,4.157807112,7.323570967,nu_0.2
yeast,ocsvm,0,1.00E-06,TRUE,50,10,0.3413,0.9822,0,0.3416,1,0.5093,0.3416,1,0,4.721870184,7.382630348,12.10450053,nu_0.3
yeast,ocsvm,0.01,1.00E-06,TRUE,50,10,0.3413,0.9822,0,0.3416,1,0.5093,0.3416,1,0,4.721870184,7.382630348,12.10450053,nu_0.3
yeast,ocsvm,0.05,1.00E-06,TRUE,50,10,0.332,0.8126,0,0.3416,1,0.5093,0.3416,1,0,4.721870184,7.382630348,12.10450053,nu_0.3
yeast,ocsvm,0.1,1.00E-06,TRUE,50,10,0.3243,0.2821,0,0.3416,1,0.5093,0.3416,1,0,4.721870184,7.382630348,12.10450053,nu_0.3
yeast,ocsvm,0,1.00E-06,TRUE,50,25,0.3413,0.9822,0,0.3416,1,0.5093,0.3416,1,0,4.721870184,7.41819787,12.14006805,nu_0.3
yeast,ocsvm,0.01,1.00E-06,TRUE,50,25,0.3413,0.9822,0,0.3416,1,0.5093,0.3416,1,0,4.721870184,7.41819787,12.14006805,nu_0.3
yeast,ocsvm,0.05,1.00E-06,TRUE,50,25,0.332,0.8126,0,0.3416,1,0.5093,0.3416,1,0,4.721870184,7.41819787,12.14006805,nu_0.3
yeast,ocsvm,0.1,1.00E-06,TRUE,50,25,0.3243,0.2821,0,0.3416,1,0.5093,0.3416,1,0,4.721870184,7.41819787,12.14006805,nu_0.3
yeast,ocsvm,0,1.00E-06,TRUE,50,50,0,0,0,0.3416,1,0.5093,0.3416,1,0,4.721870184,4.173418999,8.895289183,nu_0.3
yeast,ocsvm,0.01,1.00E-06,TRUE,50,50,0,0,0,0.3416,1,0.5093,0.3416,1,0,4.721870184,4.173418999,8.895289183,nu_0.3
yeast,ocsvm,0.05,1.00E-06,TRUE,50,50,0,0,0,0.3416,1,0.5093,0.3416,1,0,4.721870184,4.173418999,8.895289183,nu_0.3
yeast,ocsvm,0.1,1.00E-06,TRUE,50,50,0,0,0,0.3416,1,0.5093,0.3416,1,0,4.721870184,4.173418999,8.895289183,nu_0.3
yeast,ocsvm,0,1.00E-06,TRUE,50,10,0.334,0.9606,0,0.3416,1,0.5093,0.3416,1,0,6.160676241,7.571899891,13.73257613,nu_0.4
yeast,ocsvm,0.01,1.00E-06,TRUE,50,10,0.334,0.9606,0,0.3416,1,0.5093,0.3416,1,0,6.160676241,7.571899891,13.73257613,nu_0.4
yeast,ocsvm,0.05,1.00E-06,TRUE,50,10,0.3268,0.856,0,0.3416,1,0.5093,0.3416,1,0,6.160676241,7.571899891,13.73257613,nu_0.4
yeast,ocsvm,0.1,1.00E-06,TRUE,50,10,0.3242,0.3964,0,0.3416,1,0.5093,0.3416,1,0,6.160676241,7.571899891,13.73257613,nu_0.4
yeast,ocsvm,0,1.00E-06,TRUE,50,25,0.334,0.9606,0,0.3416,1,0.5093,0.3416,1,0,6.160676241,7.559706211,13.72038245,nu_0.4
yeast,ocsvm,0.01,1.00E-06,TRUE,50,25,0.334,0.9606,0,0.3416,1,0.5093,0.3416,1,0,6.160676241,7.559706211,13.72038245,nu_0.4
yeast,ocsvm,0.05,1.00E-06,TRUE,50,25,0.3268,0.856,0,0.3416,1,0.5093,0.3416,1,0,6.160676241,7.559706211,13.72038245,nu_0.4
yeast,ocsvm,0.1,1.00E-06,TRUE,50,25,0.3242,0.3964,0,0.3416,1,0.5093,0.3416,1,0,6.160676241,7.559706211,13.72038245,nu_0.4
yeast,ocsvm,0,1.00E-06,TRUE,50,50,0,0,0,0.3416,1,0.5093,0.3416,1,0,6.160676241,4.184951067,10.34562731,nu_0.4
yeast,ocsvm,0.01,1.00E-06,TRUE,50,50,0,0,0,0.3416,1,0.5093,0.3416,1,0,6.160676241,4.184951067,10.34562731,nu_0.4
yeast,ocsvm,0.05,1.00E-06,TRUE,50,50,0,0,0,0.3416,1,0.5093,0.3416,1,0,6.160676241,4.184951067,10.34562731,nu_0.4
yeast,ocsvm,0.1,1.00E-06,TRUE,50,50,0,0,0,0.3416,1,0.5093,0.3416,1,0,6.160676241,4.184951067,10.34562731,nu_0.4
yeast,ocsvm,0,1.00E-06,TRUE,50,10,0.3426,1,0,0.3416,1,0.5093,0.3416,1,0,7.686714172,7.58138895,15.26810312,nu_0.5
yeast,ocsvm,0.01,1.00E-06,TRUE,50,10,0.3426,1,0,0.3416,1,0.5093,0.3416,1,0,7.686714172,7.58138895,15.26810312,nu_0.5
yeast,ocsvm,0.05,1.00E-06,TRUE,50,10,0.3357,0.9389,0,0.3416,1,0.5093,0.3416,1,0,7.686714172,7.58138895,15.26810312,nu_0.5
yeast,ocsvm,0.1,1.00E-06,TRUE,50,10,0.3348,0.5957,0,0.3416,1,0.5093,0.3416,1,0,7.686714172,7.58138895,15.26810312,nu_0.5
yeast,ocsvm,0,1.00E-06,TRUE,50,25,0.3426,1,0,0.3416,1,0.5093,0.3416,1,0,7.686714172,7.579953194,15.26666737,nu_0.5
yeast,ocsvm,0.01,1.00E-06,TRUE,50,25,0.3426,1,0,0.3416,1,0.5093,0.3416,1,0,7.686714172,7.579953194,15.26666737,nu_0.5
yeast,ocsvm,0.05,1.00E-06,TRUE,50,25,0.3357,0.9389,0,0.3416,1,0.5093,0.3416,1,0,7.686714172,7.579953194,15.26666737,nu_0.5
yeast,ocsvm,0.1,1.00E-06,TRUE,50,25,0.3348,0.5957,0,0.3416,1,0.5093,0.3416,1,0,7.686714172,7.579953194,15.26666737,nu_0.5
yeast,ocsvm,0,1.00E-06,TRUE,50,50,0,0,0,0.3416,1,0.5093,0.3416,1,0,7.686714172,4.212224007,11.89893818,nu_0.5
yeast,ocsvm,0.01,1.00E-06,TRUE,50,50,0,0,0,0.3416,1,0.5093,0.3416,1,0,7.686714172,4.212224007,11.89893818,nu_0.5
yeast,ocsvm,0.05,1.00E-06,TRUE,50,50,0,0,0,0.3416,1,0.5093,0.3416,1,0,7.686714172,4.212224007,11.89893818,nu_0.5
yeast,ocsvm,0.1,1.00E-06,TRUE,50,50,0,0,0,0.3416,1,0.5093,0.3416,1,0,7.686714172,4.212224007,11.89893818,nu_0.5
yeast,isf,0,1.00E-06,TRUE,50,10,0.2627,0.43,0,0.3035,0.4477,0.3618,0.2897,0.568,0,4.313750982,1809.886317,1814.200068,nu_0.1
yeast,isf,0.01,1.00E-06,TRUE,50,10,0.2598,0.3649,0,0.3035,0.4477,0.3618,0.2935,0.5325,0,4.313750982,1809.886317,1814.200068,nu_0.1
yeast,isf,0.05,1.00E-06,TRUE,50,10,0.2643,0.1183,0,0.3035,0.4477,0.3618,0.2997,0.4576,0,4.313750982,1809.886317,1814.200068,nu_0.1
yeast,isf,0.1,1.00E-06,TRUE,50,10,0.3462,0.0178,0,0.3035,0.4477,0.3618,0.3035,0.4477,0,4.313750982,1809.886317,1814.200068,nu_0.1
yeast,isf,0,1.00E-06,TRUE,50,25,0.2606,0.4241,0,0.3035,0.4477,0.3618,0.288,0.5641,0,4.313750982,1861.966046,1866.279797,nu_0.1
yeast,isf,0.01,1.00E-06,TRUE,50,25,0.2612,0.3669,0,0.3035,0.4477,0.3618,0.2938,0.5325,0,4.313750982,1861.966046,1866.279797,nu_0.1
yeast,isf,0.05,1.00E-06,TRUE,50,25,0.2611,0.1164,0,0.3035,0.4477,0.3618,0.2988,0.4556,0,4.313750982,1861.966046,1866.279797,nu_0.1
yeast,isf,0.1,1.00E-06,TRUE,50,25,0.3462,0.0178,0,0.3035,0.4477,0.3618,0.3035,0.4477,0,4.313750982,1861.966046,1866.279797,nu_0.1
yeast,isf,0,1.00E-06,TRUE,50,50,0,0,0,0.3035,0.4477,0.3618,0.3035,0.4477,0,4.313750982,4.092612743,8.406363726,nu_0.1
yeast,isf,0.01,1.00E-06,TRUE,50,50,0,0,0,0.3035,0.4477,0.3618,0.3035,0.4477,0,4.313750982,4.092612743,8.406363726,nu_0.1
yeast,isf,0.05,1.00E-06,TRUE,50,50,0,0,0,0.3035,0.4477,0.3618,0.3035,0.4477,0,4.313750982,4.092612743,8.406363726,nu_0.1
yeast,isf,0.1,1.00E-06,TRUE,50,50,0,0,0,0.3035,0.4477,0.3618,0.3035,0.4477,0,4.313750982,4.092612743,8.406363726,nu_0.1
yeast,isf,0,1.00E-06,TRUE,50,10,0.3112,0.7318,0,0.3044,0.6785,0.4203,0.3198,0.8245,0,4.207592964,1913.73813,1917.945723,nu_0.2
yeast,isf,0.01,1.00E-06,TRUE,50,10,0.2902,0.6331,0,0.3044,0.6785,0.4203,0.3074,0.7653,0,4.207592964,1913.73813,1917.945723,nu_0.2
yeast,isf,0.05,1.00E-06,TRUE,50,10,0.2441,0.2663,0,0.3044,0.6785,0.4203,0.3022,0.6903,0,4.207592964,1913.73813,1917.945723,nu_0.2
yeast,isf,0.1,1.00E-06,TRUE,50,10,0.2705,0.0651,0,0.3044,0.6785,0.4203,0.305,0.6805,0,4.207592964,1913.73813,1917.945723,nu_0.2
yeast,isf,0,1.00E-06,TRUE,50,25,0.3084,0.7239,0,0.3044,0.6785,0.4203,0.3196,0.8245,0,4.207592964,1960.006565,1964.214158,nu_0.2
yeast,isf,0.01,1.00E-06,TRUE,50,25,0.2897,0.6331,0,0.3044,0.6785,0.4203,0.308,0.7673,0,4.207592964,1960.006565,1964.214158,nu_0.2
yeast,isf,0.05,1.00E-06,TRUE,50,25,0.2441,0.2663,0,0.3044,0.6785,0.4203,0.3028,0.6923,0,4.207592964,1960.006565,1964.214158,nu_0.2
yeast,isf,0.1,1.00E-06,TRUE,50,25,0.2667,0.0631,0,0.3044,0.6785,0.4203,0.305,0.6805,0,4.207592964,1960.006565,1964.214158,nu_0.2
yeast,isf,0,1.00E-06,TRUE,50,50,0,0,0,0.3044,0.6785,0.4203,0.3044,0.6785,0,4.207592964,4.11517787,8.322770834,nu_0.2
yeast,isf,0.01,1.00E-06,TRUE,50,50,0,0,0,0.3044,0.6785,0.4203,0.3044,0.6785,0,4.207592964,4.11517787,8.322770834,nu_0.2
yeast,isf,0.05,1.00E-06,TRUE,50,50,0,0,0,0.3044,0.6785,0.4203,0.3044,0.6785,0,4.207592964,4.11517787,8.322770834,nu_0.2
yeast,isf,0.1,1.00E-06,TRUE,50,50,0,0,0,0.3044,0.6785,0.4203,0.3044,0.6785,0,4.207592964,4.11517787,8.322770834,nu_0.2
yeast,isf,0,1.00E-06,TRUE,50,10,0.3297,0.9034,0,0.3156,0.8402,0.4588,0.3326,0.9467,0,4.223454952,1908.357164,1912.580619,nu_0.3
yeast,isf,0.01,1.00E-06,TRUE,50,10,0.3277,0.8442,0,0.3156,0.8402,0.4588,0.3296,0.9231,0,4.223454952,1908.357164,1912.580619,nu_0.3
yeast,isf,0.05,1.00E-06,TRUE,50,10,0.2688,0.4576,0,0.3156,0.8402,0.4588,0.3175,0.858,0,4.223454952,1908.357164,1912.580619,nu_0.3
yeast,isf,0.1,1.00E-06,TRUE,50,10,0.2372,0.1282,0,0.3156,0.8402,0.4588,0.3151,0.8402,0,4.223454952,1908.357164,1912.580619,nu_0.3
yeast,isf,0,1.00E-06,TRUE,50,25,0.3336,0.9211,0,0.3156,0.8402,0.4588,0.334,0.9546,0,4.223454952,1965.109896,1969.333351,nu_0.3
yeast,isf,0.01,1.00E-06,TRUE,50,25,0.327,0.8442,0,0.3156,0.8402,0.4588,0.3291,0.9211,0,4.223454952,1965.109896,1969.333351,nu_0.3
yeast,isf,0.05,1.00E-06,TRUE,50,25,0.2742,0.4635,0,0.3156,0.8402,0.4588,0.318,0.86,0,4.223454952,1965.109896,1969.333351,nu_0.3
yeast,isf,0.1,1.00E-06,TRUE,50,25,0.2374,0.1302,0,0.3156,0.8402,0.4588,0.3151,0.8402,0,4.223454952,1965.109896,1969.333351,nu_0.3
yeast,isf,0,1.00E-06,TRUE,50,50,0,0,0,0.3156,0.8402,0.4588,0.3156,0.8402,0,4.223454952,4.120904922,8.344359875,nu_0.3
yeast,isf,0.01,1.00E-06,TRUE,50,50,0,0,0,0.3156,0.8402,0.4588,0.3156,0.8402,0,4.223454952,4.120904922,8.344359875,nu_0.3
yeast,isf,0.05,1.00E-06,TRUE,50,50,0,0,0,0.3156,0.8402,0.4588,0.3156,0.8402,0,4.223454952,4.120904922,8.344359875,nu_0.3
yeast,isf,0.1,1.00E-06,TRUE,50,50,0,0,0,0.3156,0.8402,0.4588,0.3156,0.8402,0,4.223454952,4.120904922,8.344359875,nu_0.3
yeast,isf,0,1.00E-06,TRUE,50,10,0.3377,0.9704,0,0.3319,0.9408,0.4907,0.3406,0.9921,0,4.253956795,1910.755724,1915.009681,nu_0.4
yeast,isf,0.01,1.00E-06,TRUE,50,10,0.3333,0.9369,0,0.3319,0.9408,0.4907,0.3379,0.9803,0,4.253956795,1910.755724,1915.009681,nu_0.4
yeast,isf,0.05,1.00E-06,TRUE,50,10,0.3048,0.6746,0,0.3319,0.9408,0.4907,0.3333,0.9507,0,4.253956795,1910.755724,1915.009681,nu_0.4
yeast,isf,0.1,1.00E-06,TRUE,50,10,0.2599,0.2465,0,0.3319,0.9408,0.4907,0.3319,0.9408,0,4.253956795,1910.755724,1915.009681,nu_0.4
yeast,isf,0,1.00E-06,TRUE,50,25,0.3388,0.9744,0,0.3319,0.9408,0.4907,0.3406,0.9921,0,4.253956795,1909.413693,1913.66765,nu_0.4
yeast,isf,0.01,1.00E-06,TRUE,50,25,0.334,0.9428,0,0.3319,0.9408,0.4907,0.3374,0.9783,0,4.253956795,1909.413693,1913.66765,nu_0.4
yeast,isf,0.05,1.00E-06,TRUE,50,25,0.3043,0.6765,0,0.3319,0.9408,0.4907,0.3329,0.9487,0,4.253956795,1909.413693,1913.66765,nu_0.4
yeast,isf,0.1,1.00E-06,TRUE,50,25,0.2588,0.2465,0,0.3319,0.9408,0.4907,0.3319,0.9408,0,4.253956795,1909.413693,1913.66765,nu_0.4
yeast,isf,0,1.00E-06,TRUE,50,50,0,0,0,0.3319,0.9408,0.4907,0.3319,0.9408,0,4.253956795,4.130830765,8.38478756,nu_0.4
yeast,isf,0.01,1.00E-06,TRUE,50,50,0,0,0,0.3319,0.9408,0.4907,0.3319,0.9408,0,4.253956795,4.130830765,8.38478756,nu_0.4
yeast,isf,0.05,1.00E-06,TRUE,50,50,0,0,0,0.3319,0.9408,0.4907,0.3319,0.9408,0,4.253956795,4.130830765,8.38478756,nu_0.4
yeast,isf,0.1,1.00E-06,TRUE,50,50,0,0,0,0.3319,0.9408,0.4907,0.3319,0.9408,0,4.253956795,4.130830765,8.38478756,nu_0.4
yeast,isf,0,1.00E-06,TRUE,50,10,0.3403,0.9941,0,0.3388,0.9842,0.504,0.3412,0.998,0,4.292612076,1863.597409,1867.890021,nu_0.5
yeast,isf,0.01,1.00E-06,TRUE,50,10,0.3399,0.9822,0,0.3388,0.9842,0.504,0.341,0.9961,0,4.292612076,1863.597409,1867.890021,nu_0.5
yeast,isf,0.05,1.00E-06,TRUE,50,10,0.3234,0.8383,0,0.3388,0.9842,0.504,0.3396,0.9901,0,4.292612076,1863.597409,1867.890021,nu_0.5
yeast,isf,0.1,1.00E-06,TRUE,50,10,0.2689,0.3925,0,0.3388,0.9842,0.504,0.3392,0.9862,0,4.292612076,1863.597409,1867.890021,nu_0.5
yeast,isf,0,1.00E-06,TRUE,50,25,0.3403,0.9941,0,0.3388,0.9842,0.504,0.3412,0.998,0,4.292612076,1961.94525,1966.237862,nu_0.5
yeast,isf,0.01,1.00E-06,TRUE,50,25,0.3397,0.9822,0,0.3388,0.9842,0.504,0.341,0.9961,0,4.292612076,1961.94525,1966.237862,nu_0.5
yeast,isf,0.05,1.00E-06,TRUE,50,25,0.3244,0.8383,0,0.3388,0.9842,0.504,0.3396,0.9901,0,4.292612076,1961.94525,1966.237862,nu_0.5
yeast,isf,0.1,1.00E-06,TRUE,50,25,0.2705,0.3964,0,0.3388,0.9842,0.504,0.3392,0.9862,0,4.292612076,1961.94525,1966.237862,nu_0.5
yeast,isf,0,1.00E-06,TRUE,50,50,0,0,0,0.3388,0.9842,0.504,0.3388,0.9842,0,4.292612076,4.157603979,8.450216055,nu_0.5
yeast,isf,0.01,1.00E-06,TRUE,50,50,0,0,0,0.3388,0.9842,0.504,0.3388,0.9842,0,4.292612076,4.157603979,8.450216055,nu_0.5
yeast,isf,0.05,1.00E-06,TRUE,50,50,0,0,0,0.3388,0.9842,0.504,0.3388,0.9842,0,4.292612076,4.157603979,8.450216055,nu_0.5
yeast,isf,0.1,1.00E-06,TRUE,50,50,0,0,0,0.3388,0.9842,0.504,0.3388,0.9842,0,4.292612076,4.157603979,8.450216055,nu_0.5
yeast,ocsvm,0,1.00E-06,TRUE,100,10,0.3464,0.9408,0,0.3416,1,0.5093,0.3416,1,0,1.624988079,11.81955004,13.44453812,nu_0.1
yeast,ocsvm,0.01,1.00E-06,TRUE,100,10,0.3464,0.9408,0,0.3416,1,0.5093,0.3416,1,0,1.624988079,11.81955004,13.44453812,nu_0.1
yeast,ocsvm,0.05,1.00E-06,TRUE,100,10,0.3483,0.9014,0,0.3416,1,0.5093,0.3416,1,0,1.624988079,11.81955004,13.44453812,nu_0.1
yeast,ocsvm,0.1,1.00E-06,TRUE,100,10,0.3346,0.503,0,0.3416,1,0.5093,0.3416,1,0,1.624988079,11.81955004,13.44453812,nu_0.1
yeast,ocsvm,0,1.00E-06,TRUE,100,25,0.3464,0.9408,0,0.3416,1,0.5093,0.3416,1,0,1.624988079,8.564352036,10.18934011,nu_0.1
yeast,ocsvm,0.01,1.00E-06,TRUE,100,25,0.3464,0.9408,0,0.3416,1,0.5093,0.3416,1,0,1.624988079,8.564352036,10.18934011,nu_0.1
yeast,ocsvm,0.05,1.00E-06,TRUE,100,25,0.3483,0.9014,0,0.3416,1,0.5093,0.3416,1,0,1.624988079,8.564352036,10.18934011,nu_0.1
yeast,ocsvm,0.1,1.00E-06,TRUE,100,25,0.3346,0.503,0,0.3416,1,0.5093,0.3416,1,0,1.624988079,8.564352036,10.18934011,nu_0.1
yeast,ocsvm,0,1.00E-06,TRUE,100,50,0.3464,0.9408,0,0.3416,1,0.5093,0.3416,1,0,1.624988079,8.645143032,10.27013111,nu_0.1
yeast,ocsvm,0.01,1.00E-06,TRUE,100,50,0.3464,0.9408,0,0.3416,1,0.5093,0.3416,1,0,1.624988079,8.645143032,10.27013111,nu_0.1
yeast,ocsvm,0.05,1.00E-06,TRUE,100,50,0.3483,0.9014,0,0.3416,1,0.5093,0.3416,1,0,1.624988079,8.645143032,10.27013111,nu_0.1
yeast,ocsvm,0.1,1.00E-06,TRUE,100,50,0.3346,0.503,0,0.3416,1,0.5093,0.3416,1,0,1.624988079,8.645143032,10.27013111,nu_0.1
yeast,ocsvm,0,1.00E-06,TRUE,100,10,0.3341,0.9093,0,0.3416,1,0.5093,0.3416,1,0,3.147372723,8.476723909,11.62409663,nu_0.2
yeast,ocsvm,0.01,1.00E-06,TRUE,100,10,0.3341,0.9093,0,0.3416,1,0.5093,0.3416,1,0,3.147372723,8.476723909,11.62409663,nu_0.2
yeast,ocsvm,0.05,1.00E-06,TRUE,100,10,0.3341,0.9093,0,0.3416,1,0.5093,0.3416,1,0,3.147372723,8.476723909,11.62409663,nu_0.2
yeast,ocsvm,0.1,1.00E-06,TRUE,100,10,0.3113,0.5957,0,0.3416,1,0.5093,0.3416,1,0,3.147372723,8.476723909,11.62409663,nu_0.2
yeast,ocsvm,0,1.00E-06,TRUE,100,25,0.3341,0.9093,0,0.3416,1,0.5093,0.3416,1,0,3.147372723,8.475296974,11.6226697,nu_0.2
yeast,ocsvm,0.01,1.00E-06,TRUE,100,25,0.3341,0.9093,0,0.3416,1,0.5093,0.3416,1,0,3.147372723,8.475296974,11.6226697,nu_0.2
yeast,ocsvm,0.05,1.00E-06,TRUE,100,25,0.3341,0.9093,0,0.3416,1,0.5093,0.3416,1,0,3.147372723,8.475296974,11.6226697,nu_0.2
yeast,ocsvm,0.1,1.00E-06,TRUE,100,25,0.3113,0.5957,0,0.3416,1,0.5093,0.3416,1,0,3.147372723,8.475296974,11.6226697,nu_0.2
yeast,ocsvm,0,1.00E-06,TRUE,100,50,0.3341,0.9093,0,0.3416,1,0.5093,0.3416,1,0,3.147372723,8.70851779,11.85589051,nu_0.2
yeast,ocsvm,0.01,1.00E-06,TRUE,100,50,0.3341,0.9093,0,0.3416,1,0.5093,0.3416,1,0,3.147372723,8.70851779,11.85589051,nu_0.2
yeast,ocsvm,0.05,1.00E-06,TRUE,100,50,0.3341,0.9093,0,0.3416,1,0.5093,0.3416,1,0,3.147372723,8.70851779,11.85589051,nu_0.2
yeast,ocsvm,0.1,1.00E-06,TRUE,100,50,0.3113,0.5957,0,0.3416,1,0.5093,0.3416,1,0,3.147372723,8.70851779,11.85589051,nu_0.2
yeast,ocsvm,0,1.00E-06,TRUE,100,10,0.3419,0.9704,0,0.3416,1,0.5093,0.3416,1,0,5.184576988,10.43690395,15.62148094,nu_0.3
yeast,ocsvm,0.01,1.00E-06,TRUE,100,10,0.3419,0.9704,0,0.3416,1,0.5093,0.3416,1,0,5.184576988,10.43690395,15.62148094,nu_0.3
yeast,ocsvm,0.05,1.00E-06,TRUE,100,10,0.341,0.9665,0,0.3416,1,0.5093,0.3416,1,0,5.184576988,10.43690395,15.62148094,nu_0.3
yeast,ocsvm,0.1,1.00E-06,TRUE,100,10,0.3199,0.7673,0,0.3416,1,0.5093,0.3416,1,0,5.184576988,10.43690395,15.62148094,nu_0.3
yeast,ocsvm,0,1.00E-06,TRUE,100,25,0.3419,0.9704,0,0.3416,1,0.5093,0.3416,1,0,5.184576988,10.57342219,15.75799918,nu_0.3
yeast,ocsvm,0.01,1.00E-06,TRUE,100,25,0.3419,0.9704,0,0.3416,1,0.5093,0.3416,1,0,5.184576988,10.57342219,15.75799918,nu_0.3
yeast,ocsvm,0.05,1.00E-06,TRUE,100,25,0.341,0.9665,0,0.3416,1,0.5093,0.3416,1,0,5.184576988,10.57342219,15.75799918,nu_0.3
yeast,ocsvm,0.1,1.00E-06,TRUE,100,25,0.3199,0.7673,0,0.3416,1,0.5093,0.3416,1,0,5.184576988,10.57342219,15.75799918,nu_0.3
yeast,ocsvm,0,1.00E-06,TRUE,100,50,0.3419,0.9704,0,0.3416,1,0.5093,0.3416,1,0,5.184576988,10.85119009,16.03576708,nu_0.3
yeast,ocsvm,0.01,1.00E-06,TRUE,100,50,0.3419,0.9704,0,0.3416,1,0.5093,0.3416,1,0,5.184576988,10.85119009,16.03576708,nu_0.3
yeast,ocsvm,0.05,1.00E-06,TRUE,100,50,0.341,0.9665,0,0.3416,1,0.5093,0.3416,1,0,5.184576988,10.85119009,16.03576708,nu_0.3
yeast,ocsvm,0.1,1.00E-06,TRUE,100,50,0.3199,0.7673,0,0.3416,1,0.5093,0.3416,1,0,5.184576988,10.85119009,16.03576708,nu_0.3
yeast,ocsvm,0,1.00E-06,TRUE,100,10,0.3434,0.9901,0,0.3416,1,0.5093,0.3416,1,0,6.338246107,10.25304866,16.59129477,nu_0.4
yeast,ocsvm,0.01,1.00E-06,TRUE,100,10,0.3434,0.9901,0,0.3416,1,0.5093,0.3416,1,0,6.338246107,10.25304866,16.59129477,nu_0.4
yeast,ocsvm,0.05,1.00E-06,TRUE,100,10,0.3434,0.9901,0,0.3416,1,0.5093,0.3416,1,0,6.338246107,10.25304866,16.59129477,nu_0.4
yeast,ocsvm,0.1,1.00E-06,TRUE,100,10,0.3346,0.8836,0,0.3416,1,0.5093,0.3416,1,0,6.338246107,10.25304866,16.59129477,nu_0.4
yeast,ocsvm,0,1.00E-06,TRUE,100,25,0.3434,0.9901,0,0.3416,1,0.5093,0.3416,1,0,6.338246107,10.51038098,16.84862709,nu_0.4
yeast,ocsvm,0.01,1.00E-06,TRUE,100,25,0.3434,0.9901,0,0.3416,1,0.5093,0.3416,1,0,6.338246107,10.51038098,16.84862709,nu_0.4
yeast,ocsvm,0.05,1.00E-06,TRUE,100,25,0.3434,0.9901,0,0.3416,1,0.5093,0.3416,1,0,6.338246107,10.51038098,16.84862709,nu_0.4
yeast,ocsvm,0.1,1.00E-06,TRUE,100,25,0.3346,0.8836,0,0.3416,1,0.5093,0.3416,1,0,6.338246107,10.51038098,16.84862709,nu_0.4
yeast,ocsvm,0,1.00E-06,TRUE,100,50,0.3434,0.9901,0,0.3416,1,0.5093,0.3416,1,0,6.338246107,10.47505212,16.81329823,nu_0.4
yeast,ocsvm,0.01,1.00E-06,TRUE,100,50,0.3434,0.9901,0,0.3416,1,0.5093,0.3416,1,0,6.338246107,10.47505212,16.81329823,nu_0.4
yeast,ocsvm,0.05,1.00E-06,TRUE,100,50,0.3434,0.9901,0,0.3416,1,0.5093,0.3416,1,0,6.338246107,10.47505212,16.81329823,nu_0.4
yeast,ocsvm,0.1,1.00E-06,TRUE,100,50,0.3346,0.8836,0,0.3416,1,0.5093,0.3416,1,0,6.338246107,10.47505212,16.81329823,nu_0.4
yeast,ocsvm,0,1.00E-06,TRUE,100,10,0.3363,0.9704,0,0.3416,1,0.5093,0.3416,1,0,7.923491955,9.767589092,17.69108105,nu_0.5
yeast,ocsvm,0.01,1.00E-06,TRUE,100,10,0.3363,0.9704,0,0.3416,1,0.5093,0.3416,1,0,7.923491955,9.767589092,17.69108105,nu_0.5
yeast,ocsvm,0.05,1.00E-06,TRUE,100,10,0.3361,0.9684,0,0.3416,1,0.5093,0.3416,1,0,7.923491955,9.767589092,17.69108105,nu_0.5
yeast,ocsvm,0.1,1.00E-06,TRUE,100,10,0.3266,0.8935,0,0.3416,1,0.5093,0.3416,1,0,7.923491955,9.767589092,17.69108105,nu_0.5
yeast,ocsvm,0,1.00E-06,TRUE,100,25,0.3363,0.9704,0,0.3416,1,0.5093,0.3416,1,0,7.923491955,9.756866693,17.68035865,nu_0.5
yeast,ocsvm,0.01,1.00E-06,TRUE,100,25,0.3363,0.9704,0,0.3416,1,0.5093,0.3416,1,0,7.923491955,9.756866693,17.68035865,nu_0.5
yeast,ocsvm,0.05,1.00E-06,TRUE,100,25,0.3361,0.9684,0,0.3416,1,0.5093,0.3416,1,0,7.923491955,9.756866693,17.68035865,nu_0.5
yeast,ocsvm,0.1,1.00E-06,TRUE,100,25,0.3266,0.8935,0,0.3416,1,0.5093,0.3416,1,0,7.923491955,9.756866693,17.68035865,nu_0.5
yeast,ocsvm,0,1.00E-06,TRUE,100,50,0.3363,0.9704,0,0.3416,1,0.5093,0.3416,1,0,7.923491955,9.667062998,17.59055495,nu_0.5
yeast,ocsvm,0.01,1.00E-06,TRUE,100,50,0.3363,0.9704,0,0.3416,1,0.5093,0.3416,1,0,7.923491955,9.667062998,17.59055495,nu_0.5
yeast,ocsvm,0.05,1.00E-06,TRUE,100,50,0.3361,0.9684,0,0.3416,1,0.5093,0.3416,1,0,7.923491955,9.667062998,17.59055495,nu_0.5
yeast,ocsvm,0.1,1.00E-06,TRUE,100,50,0.3266,0.8935,0,0.3416,1,0.5093,0.3416,1,0,7.923491955,9.667062998,17.59055495,nu_0.5
yeast,isf,0,1.00E-06,TRUE,100,10,0.2665,0.4221,0,0.2978,0.4517,0.3589,0.2856,0.5464,0,4.237373114,1863.583516,1867.820889,nu_0.1
yeast,isf,0.01,1.00E-06,TRUE,100,10,0.2589,0.3728,0,0.2978,0.4517,0.3589,0.2851,0.5207,0,4.237373114,1863.583516,1867.820889,nu_0.1
yeast,isf,0.05,1.00E-06,TRUE,100,10,0.2584,0.3195,0,0.2978,0.4517,0.3589,0.2887,0.497,0,4.237373114,1863.583516,1867.820889,nu_0.1
yeast,isf,0.1,1.00E-06,TRUE,100,10,0.2907,0.1302,0,0.2978,0.4517,0.3589,0.2917,0.4517,0,4.237373114,1863.583516,1867.820889,nu_0.1
yeast,isf,0,1.00E-06,TRUE,100,25,0.2666,0.428,0,0.2978,0.4517,0.3589,0.2856,0.5503,0,4.237373114,1884.33472,1888.572093,nu_0.1
yeast,isf,0.01,1.00E-06,TRUE,100,25,0.2572,0.3708,0,0.2978,0.4517,0.3589,0.2853,0.5227,0,4.237373114,1884.33472,1888.572093,nu_0.1
yeast,isf,0.05,1.00E-06,TRUE,100,25,0.2556,0.3156,0,0.2978,0.4517,0.3589,0.2864,0.4931,0,4.237373114,1884.33472,1888.572093,nu_0.1
yeast,isf,0.1,1.00E-06,TRUE,100,25,0.2889,0.1282,0,0.2978,0.4517,0.3589,0.2913,0.4517,0,4.237373114,1884.33472,1888.572093,nu_0.1
yeast,isf,0,1.00E-06,TRUE,100,50,0.263,0.4201,0,0.2978,0.4517,0.3589,0.2842,0.5444,0,4.237373114,1878.327474,1882.564847,nu_0.1
yeast,isf,0.01,1.00E-06,TRUE,100,50,0.2561,0.3708,0,0.2978,0.4517,0.3589,0.2857,0.5247,0,4.237373114,1878.327474,1882.564847,nu_0.1
yeast,isf,0.05,1.00E-06,TRUE,100,50,0.258,0.3176,0,0.2978,0.4517,0.3589,0.289,0.497,0,4.237373114,1878.327474,1882.564847,nu_0.1
yeast,isf,0.1,1.00E-06,TRUE,100,50,0.2933,0.1302,0,0.2978,0.4517,0.3589,0.2917,0.4517,0,4.237373114,1878.327474,1882.564847,nu_0.1
yeast,isf,0,1.00E-06,TRUE,100,10,0.3058,0.7377,0,0.2996,0.6706,0.4141,0.3171,0.8205,0,4.112547874,1928.913379,1933.025927,nu_0.2
yeast,isf,0.01,1.00E-06,TRUE,100,10,0.2923,0.6469,0,0.2996,0.6706,0.4141,0.311,0.7791,0,4.112547874,1928.913379,1933.025927,nu_0.2
yeast,isf,0.05,1.00E-06,TRUE,100,10,0.2819,0.5582,0,0.2996,0.6706,0.4141,0.3029,0.7337,0,4.112547874,1928.913379,1933.025927,nu_0.2
yeast,isf,0.1,1.00E-06,TRUE,100,10,0.261,0.2702,0,0.2996,0.6706,0.4141,0.2988,0.6824,0,4.112547874,1928.913379,1933.025927,nu_0.2
yeast,isf,0,1.00E-06,TRUE,100,25,0.3083,0.7456,0,0.2996,0.6706,0.4141,0.3194,0.8284,0,4.112547874,1930.015594,1934.128142,nu_0.2
yeast,isf,0.01,1.00E-06,TRUE,100,25,0.2916,0.643,0,0.2996,0.6706,0.4141,0.3113,0.7791,0,4.112547874,1930.015594,1934.128142,nu_0.2
yeast,isf,0.05,1.00E-06,TRUE,100,25,0.2836,0.5661,0,0.2996,0.6706,0.4141,0.3052,0.7416,0,4.112547874,1930.015594,1934.128142,nu_0.2
yeast,isf,0.1,1.00E-06,TRUE,100,25,0.2625,0.2702,0,0.2996,0.6706,0.4141,0.299,0.6824,0,4.112547874,1930.015594,1934.128142,nu_0.2
yeast,isf,0,1.00E-06,TRUE,100,50,0.3034,0.7318,0,0.2996,0.6706,0.4141,0.3176,0.8225,0,4.112547874,1977.710388,1981.822936,nu_0.2
yeast,isf,0.01,1.00E-06,TRUE,100,50,0.294,0.6489,0,0.2996,0.6706,0.4141,0.3116,0.7811,0,4.112547874,1977.710388,1981.822936,nu_0.2
yeast,isf,0.05,1.00E-06,TRUE,100,50,0.2844,0.5621,0,0.2996,0.6706,0.4141,0.3046,0.7377,0,4.112547874,1977.710388,1981.822936,nu_0.2
yeast,isf,0.1,1.00E-06,TRUE,100,50,0.2595,0.2682,0,0.2996,0.6706,0.4141,0.2988,0.6824,0,4.112547874,1977.710388,1981.822936,nu_0.2
yeast,isf,0,1.00E-06,TRUE,100,10,0.33,0.9231,0,0.3164,0.8343,0.4588,0.3336,0.9527,0,4.111743927,1887.767619,1891.879363,nu_0.3
yeast,isf,0.01,1.00E-06,TRUE,100,10,0.3231,0.8698,0,0.3164,0.8343,0.4588,0.3303,0.927,0,4.111743927,1887.767619,1891.879363,nu_0.3
yeast,isf,0.05,1.00E-06,TRUE,100,10,0.3136,0.783,0,0.3164,0.8343,0.4588,0.323,0.8856,0,4.111743927,1887.767619,1891.879363,nu_0.3
yeast,isf,0.1,1.00E-06,TRUE,100,10,0.2697,0.4458,0,0.3164,0.8343,0.4588,0.3168,0.8422,0,4.111743927,1887.767619,1891.879363,nu_0.3
yeast,isf,0,1.00E-06,TRUE,100,25,0.3291,0.9211,0,0.3164,0.8343,0.4588,0.3329,0.9507,0,4.111743927,1877.661729,1881.773473,nu_0.3
yeast,isf,0.01,1.00E-06,TRUE,100,25,0.3226,0.8679,0,0.3164,0.8343,0.4588,0.3293,0.9231,0,4.111743927,1877.661729,1881.773473,nu_0.3
yeast,isf,0.05,1.00E-06,TRUE,100,25,0.3147,0.787,0,0.3164,0.8343,0.4588,0.3228,0.8876,0,4.111743927,1877.661729,1881.773473,nu_0.3
yeast,isf,0.1,1.00E-06,TRUE,100,25,0.2699,0.4477,0,0.3164,0.8343,0.4588,0.3168,0.8422,0,4.111743927,1877.661729,1881.773473,nu_0.3
yeast,isf,0,1.00E-06,TRUE,100,50,0.3291,0.9211,0,0.3164,0.8343,0.4588,0.3333,0.9527,0,4.111743927,1936.570527,1940.682271,nu_0.3
yeast,isf,0.01,1.00E-06,TRUE,100,50,0.3231,0.8679,0,0.3164,0.8343,0.4588,0.3298,0.9231,0,4.111743927,1936.570527,1940.682271,nu_0.3
yeast,isf,0.05,1.00E-06,TRUE,100,50,0.3152,0.789,0,0.3164,0.8343,0.4588,0.3235,0.8895,0,4.111743927,1936.570527,1940.682271,nu_0.3
yeast,isf,0.1,1.00E-06,TRUE,100,50,0.2663,0.4418,0,0.3164,0.8343,0.4588,0.3168,0.8422,0,4.111743927,1936.570527,1940.682271,nu_0.3
yeast,isf,0,1.00E-06,TRUE,100,10,0.3358,0.9704,0,0.3282,0.927,0.4848,0.3381,0.9822,0,4.248873949,1983.090055,1987.338929,nu_0.4
yeast,isf,0.01,1.00E-06,TRUE,100,10,0.3301,0.9389,0,0.3282,0.927,0.4848,0.3352,0.9665,0,4.248873949,1983.090055,1987.338929,nu_0.4
yeast,isf,0.05,1.00E-06,TRUE,100,10,0.3269,0.9034,0,0.3282,0.927,0.4848,0.3326,0.9527,0,4.248873949,1983.090055,1987.338929,nu_0.4
yeast,isf,0.1,1.00E-06,TRUE,100,10,0.2875,0.643,0,0.3282,0.927,0.4848,0.3287,0.9329,0,4.248873949,1983.090055,1987.338929,nu_0.4
yeast,isf,0,1.00E-06,TRUE,100,25,0.3347,0.9645,0,0.3282,0.927,0.4848,0.3374,0.9783,0,4.248873949,1932.310238,1936.559112,nu_0.4
yeast,isf,0.01,1.00E-06,TRUE,100,25,0.3313,0.9428,0,0.3282,0.927,0.4848,0.3352,0.9665,0,4.248873949,1932.310238,1936.559112,nu_0.4
yeast,isf,0.05,1.00E-06,TRUE,100,25,0.3271,0.9034,0,0.3282,0.927,0.4848,0.3326,0.9527,0,4.248873949,1932.310238,1936.559112,nu_0.4
yeast,isf,0.1,1.00E-06,TRUE,100,25,0.2875,0.6391,0,0.3282,0.927,0.4848,0.3287,0.9329,0,4.248873949,1932.310238,1936.559112,nu_0.4
yeast,isf,0,1.00E-06,TRUE,100,50,0.3356,0.9684,0,0.3282,0.927,0.4848,0.3374,0.9783,0,4.248873949,1930.55437,1934.803244,nu_0.4
yeast,isf,0.01,1.00E-06,TRUE,100,50,0.3301,0.9389,0,0.3282,0.927,0.4848,0.3347,0.9645,0,4.248873949,1930.55437,1934.803244,nu_0.4
yeast,isf,0.05,1.00E-06,TRUE,100,50,0.3269,0.8994,0,0.3282,0.927,0.4848,0.3326,0.9527,0,4.248873949,1930.55437,1934.803244,nu_0.4
yeast,isf,0.1,1.00E-06,TRUE,100,50,0.288,0.643,0,0.3282,0.927,0.4848,0.3289,0.9329,0,4.248873949,1930.55437,1934.803244,nu_0.4
yeast,isf,0,1.00E-06,TRUE,100,10,0.3405,0.9941,0,0.3381,0.9803,0.5028,0.3416,1,0,4.320641041,1931.496475,1935.817116,nu_0.5
yeast,isf,0.01,1.00E-06,TRUE,100,10,0.3383,0.9822,0,0.3381,0.9803,0.5028,0.3403,0.9941,0,4.320641041,1931.496475,1935.817116,nu_0.5
yeast,isf,0.05,1.00E-06,TRUE,100,10,0.3306,0.9448,0,0.3381,0.9803,0.5028,0.3399,0.9921,0,4.320641041,1931.496475,1935.817116,nu_0.5
yeast,isf,0.1,1.00E-06,TRUE,100,10,0.3175,0.8323,0,0.3381,0.9803,0.5028,0.3392,0.9882,0,4.320641041,1931.496475,1935.817116,nu_0.5
yeast,isf,0,1.00E-06,TRUE,100,25,0.3401,0.9921,0,0.3381,0.9803,0.5028,0.3412,0.998,0,4.320641041,1883.50344,1887.824081,nu_0.5
yeast,isf,0.01,1.00E-06,TRUE,100,25,0.3374,0.9803,0,0.3381,0.9803,0.5028,0.3408,0.9961,0,4.320641041,1883.50344,1887.824081,nu_0.5
yeast,isf,0.05,1.00E-06,TRUE,100,25,0.3308,0.9467,0,0.3381,0.9803,0.5028,0.3399,0.9921,0,4.320641041,1883.50344,1887.824081,nu_0.5
yeast,isf,0.1,1.00E-06,TRUE,100,25,0.3173,0.8304,0,0.3381,0.9803,0.5028,0.3392,0.9882,0,4.320641041,1883.50344,1887.824081,nu_0.5
yeast,isf,0,1.00E-06,TRUE,100,50,0.341,0.9961,0,0.3381,0.9803,0.5028,0.3412,0.998,0,4.320641041,1952.738941,1957.059582,nu_0.5
yeast,isf,0.01,1.00E-06,TRUE,100,50,0.3383,0.9822,0,0.3381,0.9803,0.5028,0.3408,0.9961,0,4.320641041,1952.738941,1957.059582,nu_0.5
yeast,isf,0.05,1.00E-06,TRUE,100,50,0.3299,0.9428,0,0.3381,0.9803,0.5028,0.3399,0.9921,0,4.320641041,1952.738941,1957.059582,nu_0.5
yeast,isf,0.1,1.00E-06,TRUE,100,50,0.3165,0.8304,0,0.3381,0.9803,0.5028,0.3392,0.9882,0,4.320641041,1952.738941,1957.059582,nu_0.5
yeast,ocsvm,0,1.00E-06,TRUE,300,10,0.3408,0.9961,0,0.3416,1,0.5093,0.3416,1,0,1.584861755,16.83984375,18.42470551,nu_0.1
yeast,ocsvm,0.01,1.00E-06,TRUE,300,10,0.3432,0.9882,0,0.3416,1,0.5093,0.3416,1,0,1.584861755,16.83984375,18.42470551,nu_0.1
yeast,ocsvm,0.05,1.00E-06,TRUE,300,10,0.3203,0.8402,0,0.3416,1,0.5093,0.3416,1,0,1.584861755,16.83984375,18.42470551,nu_0.1
yeast,ocsvm,0.1,1.00E-06,TRUE,300,10,0.3156,0.8087,0,0.3416,1,0.5093,0.3416,1,0,1.584861755,16.83984375,18.42470551,nu_0.1
yeast,ocsvm,0,1.00E-06,TRUE,300,25,0.3345,0.9625,0,0.3416,1,0.5093,0.3416,1,0,1.584861755,12.54942083,14.13428259,nu_0.1
yeast,ocsvm,0.01,1.00E-06,TRUE,300,25,0.3389,0.9625,0,0.3416,1,0.5093,0.3416,1,0,1.584861755,12.54942083,14.13428259,nu_0.1
yeast,ocsvm,0.05,1.00E-06,TRUE,300,25,0.3157,0.8126,0,0.3416,1,0.5093,0.3416,1,0,1.584861755,12.54942083,14.13428259,nu_0.1
yeast,ocsvm,0.1,1.00E-06,TRUE,300,25,0.3156,0.8087,0,0.3416,1,0.5093,0.3416,1,0,1.584861755,12.54942083,14.13428259,nu_0.1
yeast,ocsvm,0,1.00E-06,TRUE,300,50,0.338,0.9625,0,0.3416,1,0.5093,0.3416,1,0,1.584861755,12.52178621,14.10664797,nu_0.1
yeast,ocsvm,0.01,1.00E-06,TRUE,300,50,0.3403,0.9625,0,0.3416,1,0.5093,0.3416,1,0,1.584861755,12.52178621,14.10664797,nu_0.1
yeast,ocsvm,0.05,1.00E-06,TRUE,300,50,0.3167,0.8126,0,0.3416,1,0.5093,0.3416,1,0,1.584861755,12.52178621,14.10664797,nu_0.1
yeast,ocsvm,0.1,1.00E-06,TRUE,300,50,0.3156,0.8087,0,0.3416,1,0.5093,0.3416,1,0,1.584861755,12.52178621,14.10664797,nu_0.1
yeast,ocsvm,0,1.00E-06,TRUE,300,10,0.3416,1,0,0.3416,1,0.5093,0.3416,1,0,3.134954929,16.70457315,19.83952808,nu_0.2
yeast,ocsvm,0.01,1.00E-06,TRUE,300,10,0.3426,1,0,0.3416,1,0.5093,0.3416,1,0,3.134954929,16.70457315,19.83952808,nu_0.2
yeast,ocsvm,0.05,1.00E-06,TRUE,300,10,0.347,0.9882,0,0.3416,1,0.5093,0.3416,1,0,3.134954929,16.70457315,19.83952808,nu_0.2
yeast,ocsvm,0.1,1.00E-06,TRUE,300,10,0.3474,0.9882,0,0.3416,1,0.5093,0.3416,1,0,3.134954929,16.70457315,19.83952808,nu_0.2
yeast,ocsvm,0,1.00E-06,TRUE,300,25,0.3421,1,0,0.3416,1,0.5093,0.3416,1,0,3.134954929,16.50300288,19.63795781,nu_0.2
yeast,ocsvm,0.01,1.00E-06,TRUE,300,25,0.343,1,0,0.3416,1,0.5093,0.3416,1,0,3.134954929,16.50300288,19.63795781,nu_0.2
yeast,ocsvm,0.05,1.00E-06,TRUE,300,25,0.3472,0.9882,0,0.3416,1,0.5093,0.3416,1,0,3.134954929,16.50300288,19.63795781,nu_0.2
yeast,ocsvm,0.1,1.00E-06,TRUE,300,25,0.3474,0.9882,0,0.3416,1,0.5093,0.3416,1,0,3.134954929,16.50300288,19.63795781,nu_0.2
yeast,ocsvm,0,1.00E-06,TRUE,300,50,0.3433,1,0,0.3416,1,0.5093,0.3416,1,0,3.134954929,16.3704021,19.50535703,nu_0.2
yeast,ocsvm,0.01,1.00E-06,TRUE,300,50,0.3437,1,0,0.3416,1,0.5093,0.3416,1,0,3.134954929,16.3704021,19.50535703,nu_0.2
yeast,ocsvm,0.05,1.00E-06,TRUE,300,50,0.3474,0.9882,0,0.3416,1,0.5093,0.3416,1,0,3.134954929,16.3704021,19.50535703,nu_0.2
yeast,ocsvm,0.1,1.00E-06,TRUE,300,50,0.3474,0.9882,0,0.3416,1,0.5093,0.3416,1,0,3.134954929,16.3704021,19.50535703,nu_0.2
yeast,ocsvm,0,1.00E-06,TRUE,300,10,0.3419,1,0,0.3416,1,0.5093,0.3416,1,0,4.701972961,20.33850002,25.04047298,nu_0.3
yeast,ocsvm,0.01,1.00E-06,TRUE,300,10,0.3423,1,0,0.3416,1,0.5093,0.3416,1,0,4.701972961,20.33850002,25.04047298,nu_0.3
yeast,ocsvm,0.05,1.00E-06,TRUE,300,10,0.3382,0.9665,0,0.3416,1,0.5093,0.3416,1,0,4.701972961,20.33850002,25.04047298,nu_0.3
yeast,ocsvm,0.1,1.00E-06,TRUE,300,10,0.3382,0.9665,0,0.3416,1,0.5093,0.3416,1,0,4.701972961,20.33850002,25.04047298,nu_0.3
yeast,ocsvm,0,1.00E-06,TRUE,300,25,0.3419,1,0,0.3416,1,0.5093,0.3416,1,0,4.701972961,20.20015383,24.90212679,nu_0.3
yeast,ocsvm,0.01,1.00E-06,TRUE,300,25,0.3424,0.9961,0,0.3416,1,0.5093,0.3416,1,0,4.701972961,20.20015383,24.90212679,nu_0.3
yeast,ocsvm,0.05,1.00E-06,TRUE,300,25,0.3382,0.9665,0,0.3416,1,0.5093,0.3416,1,0,4.701972961,20.20015383,24.90212679,nu_0.3
yeast,ocsvm,0.1,1.00E-06,TRUE,300,25,0.3382,0.9665,0,0.3416,1,0.5093,0.3416,1,0,4.701972961,20.20015383,24.90212679,nu_0.3
yeast,ocsvm,0,1.00E-06,TRUE,300,50,0.3431,0.9961,0,0.3416,1,0.5093,0.3416,1,0,4.701972961,20.06621599,24.76818895,nu_0.3
yeast,ocsvm,0.01,1.00E-06,TRUE,300,50,0.3435,0.9961,0,0.3416,1,0.5093,0.3416,1,0,4.701972961,20.06621599,24.76818895,nu_0.3
yeast,ocsvm,0.05,1.00E-06,TRUE,300,50,0.3382,0.9665,0,0.3416,1,0.5093,0.3416,1,0,4.701972961,20.06621599,24.76818895,nu_0.3
yeast,ocsvm,0.1,1.00E-06,TRUE,300,50,0.3382,0.9665,0,0.3416,1,0.5093,0.3416,1,0,4.701972961,20.06621599,24.76818895,nu_0.3
yeast,ocsvm,0,1.00E-06,TRUE,300,10,0.3416,1,0,0.3416,1,0.5093,0.3416,1,0,6.202811956,24.02419209,30.22700405,nu_0.4
yeast,ocsvm,0.01,1.00E-06,TRUE,300,10,0.3419,1,0,0.3416,1,0.5093,0.3416,1,0,6.202811956,24.02419209,30.22700405,nu_0.4
yeast,ocsvm,0.05,1.00E-06,TRUE,300,10,0.3397,0.9862,0,0.3416,1,0.5093,0.3416,1,0,6.202811956,24.02419209,30.22700405,nu_0.4
yeast,ocsvm,0.1,1.00E-06,TRUE,300,10,0.3404,0.9862,0,0.3416,1,0.5093,0.3416,1,0,6.202811956,24.02419209,30.22700405,nu_0.4
yeast,ocsvm,0,1.00E-06,TRUE,300,25,0.3408,0.9961,0,0.3416,1,0.5093,0.3416,1,0,6.202811956,23.89797187,30.10078382,nu_0.4
yeast,ocsvm,0.01,1.00E-06,TRUE,300,25,0.3405,0.9941,0,0.3416,1,0.5093,0.3416,1,0,6.202811956,23.89797187,30.10078382,nu_0.4
yeast,ocsvm,0.05,1.00E-06,TRUE,300,25,0.3404,0.9862,0,0.3416,1,0.5093,0.3416,1,0,6.202811956,23.89797187,30.10078382,nu_0.4
yeast,ocsvm,0.1,1.00E-06,TRUE,300,25,0.3404,0.9862,0,0.3416,1,0.5093,0.3416,1,0,6.202811956,23.89797187,30.10078382,nu_0.4
yeast,ocsvm,0,1.00E-06,TRUE,300,50,0.3408,0.9941,0,0.3416,1,0.5093,0.3416,1,0,6.202811956,23.77600002,29.97881198,nu_0.4
yeast,ocsvm,0.01,1.00E-06,TRUE,300,50,0.341,0.9941,0,0.3416,1,0.5093,0.3416,1,0,6.202811956,23.77600002,29.97881198,nu_0.4
yeast,ocsvm,0.05,1.00E-06,TRUE,300,50,0.3404,0.9862,0,0.3416,1,0.5093,0.3416,1,0,6.202811956,23.77600002,29.97881198,nu_0.4
yeast,ocsvm,0.1,1.00E-06,TRUE,300,50,0.3404,0.9862,0,0.3416,1,0.5093,0.3416,1,0,6.202811956,23.77600002,29.97881198,nu_0.4
yeast,ocsvm,0,1.00E-06,TRUE,300,10,0.3419,1,0,0.3416,1,0.5093,0.3416,1,0,7.605414867,26.92242789,34.52784276,nu_0.5
yeast,ocsvm,0.01,1.00E-06,TRUE,300,10,0.3419,1,0,0.3416,1,0.5093,0.3416,1,0,7.605414867,26.92242789,34.52784276,nu_0.5
yeast,ocsvm,0.05,1.00E-06,TRUE,300,10,0.3381,0.9822,0,0.3416,1,0.5093,0.3416,1,0,7.605414867,26.92242789,34.52784276,nu_0.5
yeast,ocsvm,0.1,1.00E-06,TRUE,300,10,0.3385,0.9822,0,0.3416,1,0.5093,0.3416,1,0,7.605414867,26.92242789,34.52784276,nu_0.5
yeast,ocsvm,0,1.00E-06,TRUE,300,25,0.3414,0.998,0,0.3416,1,0.5093,0.3416,1,0,7.605414867,26.89321017,34.49862504,nu_0.5
yeast,ocsvm,0.01,1.00E-06,TRUE,300,25,0.3414,0.998,0,0.3416,1,0.5093,0.3416,1,0,7.605414867,26.89321017,34.49862504,nu_0.5
yeast,ocsvm,0.05,1.00E-06,TRUE,300,25,0.3383,0.9822,0,0.3416,1,0.5093,0.3416,1,0,7.605414867,26.89321017,34.49862504,nu_0.5
yeast,ocsvm,0.1,1.00E-06,TRUE,300,25,0.3385,0.9822,0,0.3416,1,0.5093,0.3416,1,0,7.605414867,26.89321017,34.49862504,nu_0.5
yeast,ocsvm,0,1.00E-06,TRUE,300,50,0.3396,0.9901,0,0.3416,1,0.5093,0.3416,1,0,7.605414867,26.72015715,34.32557201,nu_0.5
yeast,ocsvm,0.01,1.00E-06,TRUE,300,50,0.3396,0.9901,0,0.3416,1,0.5093,0.3416,1,0,7.605414867,26.72015715,34.32557201,nu_0.5
yeast,ocsvm,0.05,1.00E-06,TRUE,300,50,0.3383,0.9822,0,0.3416,1,0.5093,0.3416,1,0,7.605414867,26.72015715,34.32557201,nu_0.5
yeast,ocsvm,0.1,1.00E-06,TRUE,300,50,0.3385,0.9822,0,0.3416,1,0.5093,0.3416,1,0,7.605414867,26.72015715,34.32557201,nu_0.5
yeast,isf,0,1.00E-06,TRUE,300,10,0.2801,0.4951,0,0.309,0.4596,0.3695,0.2961,0.57,0,5.583096027,2237.258724,2242.84182,nu_0.1
yeast,isf,0.01,1.00E-06,TRUE,300,10,0.2723,0.4221,0,0.309,0.4596,0.3695,0.2938,0.5227,0,5.583096027,2237.258724,2242.84182,nu_0.1
yeast,isf,0.05,1.00E-06,TRUE,300,10,0.2701,0.3846,0,0.309,0.4596,0.3695,0.2968,0.5069,0,5.583096027,2237.258724,2242.84182,nu_0.1
yeast,isf,0.1,1.00E-06,TRUE,300,10,0.2737,0.3649,0,0.309,0.4596,0.3695,0.3014,0.497,0,5.583096027,2237.258724,2242.84182,nu_0.1
yeast,isf,0,1.00E-06,TRUE,300,25,0.2765,0.4832,0,0.309,0.4596,0.3695,0.2953,0.5661,0,5.583096027,2069.588965,2075.172061,nu_0.1
yeast,isf,0.01,1.00E-06,TRUE,300,25,0.2742,0.4241,0,0.309,0.4596,0.3695,0.2949,0.5247,0,5.583096027,2069.588965,2075.172061,nu_0.1
yeast,isf,0.05,1.00E-06,TRUE,300,25,0.2687,0.3826,0,0.309,0.4596,0.3695,0.296,0.5049,0,5.583096027,2069.588965,2075.172061,nu_0.1
yeast,isf,0.1,1.00E-06,TRUE,300,25,0.2741,0.3649,0,0.309,0.4596,0.3695,0.3026,0.499,0,5.583096027,2069.588965,2075.172061,nu_0.1
yeast,isf,0,1.00E-06,TRUE,300,50,0.2768,0.4832,0,0.309,0.4596,0.3695,0.2945,0.5641,0,5.583096027,2061.249403,2066.832499,nu_0.1
yeast,isf,0.01,1.00E-06,TRUE,300,50,0.2741,0.426,0,0.309,0.4596,0.3695,0.2939,0.5247,0,5.583096027,2061.249403,2066.832499,nu_0.1
yeast,isf,0.05,1.00E-06,TRUE,300,50,0.268,0.3826,0,0.309,0.4596,0.3695,0.2953,0.5049,0,5.583096027,2061.249403,2066.832499,nu_0.1
yeast,isf,0.1,1.00E-06,TRUE,300,50,0.2719,0.3609,0,0.309,0.4596,0.3695,0.301,0.4951,0,5.583096027,2061.249403,2066.832499,nu_0.1
yeast,isf,0,1.00E-06,TRUE,300,10,0.3021,0.7515,0,0.3001,0.6765,0.4158,0.3101,0.7968,0,4.27094698,2124.353642,2128.624589,nu_0.2
yeast,isf,0.01,1.00E-06,TRUE,300,10,0.2987,0.6982,0,0.3001,0.6765,0.4158,0.3084,0.7653,0,4.27094698,2124.353642,2128.624589,nu_0.2
yeast,isf,0.05,1.00E-06,TRUE,300,10,0.2919,0.6391,0,0.3001,0.6765,0.4158,0.3028,0.7298,0,4.27094698,2124.353642,2128.624589,nu_0.2
yeast,isf,0.1,1.00E-06,TRUE,300,10,0.2854,0.5838,0,0.3001,0.6765,0.4158,0.3001,0.7061,0,4.27094698,2124.353642,2128.624589,nu_0.2
yeast,isf,0,1.00E-06,TRUE,300,25,0.3049,0.7554,0,0.3001,0.6765,0.4158,0.3124,0.8047,0,4.27094698,2110.736295,2115.007242,nu_0.2
yeast,isf,0.01,1.00E-06,TRUE,300,25,0.2979,0.6963,0,0.3001,0.6765,0.4158,0.3084,0.7653,0,4.27094698,2110.736295,2115.007242,nu_0.2
yeast,isf,0.05,1.00E-06,TRUE,300,25,0.2904,0.6351,0,0.3001,0.6765,0.4158,0.3011,0.7258,0,4.27094698,2110.736295,2115.007242,nu_0.2
yeast,isf,0.1,1.00E-06,TRUE,300,25,0.2861,0.5858,0,0.3001,0.6765,0.4158,0.3001,0.7061,0,4.27094698,2110.736295,2115.007242,nu_0.2
yeast,isf,0,1.00E-06,TRUE,300,50,0.3023,0.7495,0,0.3001,0.6765,0.4158,0.3111,0.8008,0,4.27094698,2069.91743,2074.188377,nu_0.2
yeast,isf,0.01,1.00E-06,TRUE,300,50,0.3003,0.7041,0,0.3001,0.6765,0.4158,0.3093,0.7692,0,4.27094698,2069.91743,2074.188377,nu_0.2
yeast,isf,0.05,1.00E-06,TRUE,300,50,0.2897,0.6331,0,0.3001,0.6765,0.4158,0.3008,0.7239,0,4.27094698,2069.91743,2074.188377,nu_0.2
yeast,isf,0.1,1.00E-06,TRUE,300,50,0.2861,0.5858,0,0.3001,0.6765,0.4158,0.3001,0.7061,0,4.27094698,2069.91743,2074.188377,nu_0.2
yeast,isf,0,1.00E-06,TRUE,300,10,0.3317,0.9349,0,0.3096,0.8047,0.4471,0.3338,0.9527,0,4.136395931,2207.371493,2211.507889,nu_0.3
yeast,isf,0.01,1.00E-06,TRUE,300,10,0.319,0.8659,0,0.3096,0.8047,0.4471,0.3236,0.8974,0,4.136395931,2207.371493,2211.507889,nu_0.3
yeast,isf,0.05,1.00E-06,TRUE,300,10,0.3135,0.8205,0,0.3096,0.8047,0.4471,0.3215,0.8777,0,4.136395931,2207.371493,2211.507889,nu_0.3
yeast,isf,0.1,1.00E-06,TRUE,300,10,0.3069,0.7771,0,0.3096,0.8047,0.4471,0.3162,0.8501,0,4.136395931,2207.371493,2211.507889,nu_0.3